Geo_FIPS,Geo_NAME,Geo_QNAME,Geo_NATION,Geo_STATE,Geo_COUNTY,Geo_CT,Geo_BG,Geo_CITY,Geo_MSAMSA,Geo_ZC,ORG_OCCUNIT2,ORG_S_1D,ORG_S_1A,ORG_S_2,ORG_S_3_4,ORG_S_5_9,ORG_S_10_19,ORG_S_20_49,ORG_S_50P,ORG_STRAILER,ORG_SOTHER
"530330001001","530330001001","530330001001, 53033000100, King, Washington","00","53","033","000100","1",,,,633,633,0,0,0,0,0,0,0,0,0
"530330001002","530330001002","530330001002, 53033000100, King, Washington","00","53","033","000100","2",,,,714,105,31,43,43,97,39,72,284,0,0
"530330001003","530330001003","530330001003, 53033000100, King, Washington","00","53","033","000100","3",,,,813,246,54,0,119,55,77,14,248,0,0
"530330001004","530330001004","530330001004, 53033000100, King, Washington","00","53","033","000100","4",,,,906,55,36,0,23,146,147,290,177,32,0
"530330001005","530330001005","530330001005, 53033000100, King, Washington","00","53","033","000100","5",,,,674,86,0,0,0,25,0,72,491,0,0
"530330002001","530330002001","530330002001, 53033000200, King, Washington","00","53","033","000200","1",,,,521,421,38,0,43,19,0,0,0,0,0
"530330002002","530330002002","530330002002, 53033000200, King, Washington","00","53","033","000200","2",,,,682,350,44,15,0,39,38,112,84,0,0
"530330002003","530330002003","530330002003, 53033000200, King, Washington","00","53","033","000200","3",,,,953,105,36,58,32,70,65,256,321,10,0
"530330002004","530330002004","530330002004, 53033000200, King, Washington","00","53","033","000200","4",,,,625,259,0,0,14,91,41,39,181,0,0
"530330002005","530330002005","530330002005, 53033000200, King, Washington","00","53","033","000200","5",,,,794,277,73,14,47,34,60,194,95,0,0
"530330002006","530330002006","530330002006, 53033000200, King, Washington","00","53","033","000200","6",,,,624,593,0,0,0,18,0,0,0,13,0
"530330003001","530330003001","530330003001, 53033000300, King, Washington","00","53","033","000300","1",,,,572,532,9,0,0,31,0,0,0,0,0
"530330003002","530330003002","530330003002, 53033000300, King, Washington","00","53","033","000300","2",,,,710,446,98,31,23,12,40,48,12,0,0
"530330004011","530330004011","530330004011, 53033000401, King, Washington","00","53","033","000401","1",,,,1835,283,69,0,24,34,58,198,1169,0,0
"530330004012","530330004012","530330004012, 53033000401, King, Washington","00","53","033","000401","2",,,,805,348,67,0,14,13,0,271,92,0,0
"530330004013","530330004013","530330004013, 53033000401, King, Washington","00","53","033","000401","3",,,,1092,113,14,28,0,23,92,197,625,0,0
"530330004021","530330004021","530330004021, 53033000402, King, Washington","00","53","033","000402","1",,,,627,301,22,0,0,64,53,78,109,0,0
"530330004022","530330004022","530330004022, 53033000402, King, Washington","00","53","033","000402","2",,,,490,371,0,0,0,16,29,74,0,0,0
"530330004023","530330004023","530330004023, 53033000402, King, Washington","00","53","033","000402","3",,,,687,213,93,0,30,81,105,165,0,0,0
"530330004024","530330004024","530330004024, 53033000402, King, Washington","00","53","033","000402","4",,,,948,281,68,0,0,0,0,134,465,0,0
"530330005001","530330005001","530330005001, 53033000500, King, Washington","00","53","033","000500","1",,,,600,600,0,0,0,0,0,0,0,0,0
"530330005002","530330005002","530330005002, 53033000500, King, Washington","00","53","033","000500","2",,,,424,409,15,0,0,0,0,0,0,0,0
"530330005003","530330005003","530330005003, 53033000500, King, Washington","00","53","033","000500","3",,,,508,508,0,0,0,0,0,0,0,0,0
"530330006001","530330006001","530330006001, 53033000600, King, Washington","00","53","033","000600","1",,,,658,542,0,0,0,79,15,22,0,0,0
"530330006002","530330006002","530330006002, 53033000600, King, Washington","00","53","033","000600","2",,,,718,111,16,0,0,47,129,204,211,0,0
"530330006003","530330006003","530330006003, 53033000600, King, Washington","00","53","033","000600","3",,,,755,342,57,0,0,18,0,159,66,113,0
"530330006004","530330006004","530330006004, 53033000600, King, Washington","00","53","033","000600","4",,,,840,469,129,0,10,18,27,140,47,0,0
"530330006005","530330006005","530330006005, 53033000600, King, Washington","00","53","033","000600","5",,,,348,348,0,0,0,0,0,0,0,0,0
"530330006006","530330006006","530330006006, 53033000600, King, Washington","00","53","033","000600","6",,,,690,257,18,0,56,34,14,256,55,0,0
"530330007001","530330007001","530330007001, 53033000700, King, Washington","00","53","033","000700","1",,,,997,57,176,12,49,129,144,156,274,0,0
"530330007002","530330007002","530330007002, 53033000700, King, Washington","00","53","033","000700","2",,,,609,340,75,0,22,0,135,37,0,0,0
"530330007003","530330007003","530330007003, 53033000700, King, Washington","00","53","033","000700","3",,,,475,322,0,0,0,11,101,41,0,0,0
"530330007004","530330007004","530330007004, 53033000700, King, Washington","00","53","033","000700","4",,,,465,414,0,0,14,0,15,22,0,0,0
"530330008001","530330008001","530330008001, 53033000800, King, Washington","00","53","033","000800","1",,,,541,489,11,0,0,0,41,0,0,0,0
"530330008002","530330008002","530330008002, 53033000800, King, Washington","00","53","033","000800","2",,,,655,575,18,0,0,0,10,52,0,0,0
"530330009001","530330009001","530330009001, 53033000900, King, Washington","00","53","033","000900","1",,,,538,485,0,19,0,6,28,0,0,0,0
"530330009002","530330009002","530330009002, 53033000900, King, Washington","00","53","033","000900","2",,,,465,451,14,0,0,0,0,0,0,0,0
"530330010001","530330010001","530330010001, 53033001000, King, Washington","00","53","033","001000","1",,,,442,263,0,55,36,14,4,65,5,0,0
"530330010002","530330010002","530330010002, 53033001000, King, Washington","00","53","033","001000","2",,,,468,352,0,0,6,0,15,95,0,0,0
"530330011001","530330011001","530330011001, 53033001100, King, Washington","00","53","033","001100","1",,,,646,489,0,0,0,0,50,107,0,0,0
"530330011002","530330011002","530330011002, 53033001100, King, Washington","00","53","033","001100","2",,,,626,468,23,0,9,0,37,14,62,13,0
"530330012001","530330012001","530330012001, 53033001200, King, Washington","00","53","033","001200","1",,,,605,479,0,0,0,0,0,126,0,0,0
"530330012002","530330012002","530330012002, 53033001200, King, Washington","00","53","033","001200","2",,,,638,197,12,0,10,0,142,175,102,0,0
"530330012003","530330012003","530330012003, 53033001200, King, Washington","00","53","033","001200","3",,,,1126,67,0,0,0,14,81,169,795,0,0
"530330012004","530330012004","530330012004, 53033001200, King, Washington","00","53","033","001200","4",,,,752,31,0,70,42,161,50,38,360,0,0
"530330012005","530330012005","530330012005, 53033001200, King, Washington","00","53","033","001200","5",,,,952,13,18,59,18,33,152,101,558,0,0
"530330013001","530330013001","530330013001, 53033001300, King, Washington","00","53","033","001300","1",,,,981,421,96,46,43,12,86,65,212,0,0
"530330013002","530330013002","530330013002, 53033001300, King, Washington","00","53","033","001300","2",,,,767,179,159,11,9,155,189,53,0,0,12
"530330013003","530330013003","530330013003, 53033001300, King, Washington","00","53","033","001300","3",,,,831,203,109,0,8,86,84,298,41,2,0
"530330014001","530330014001","530330014001, 53033001400, King, Washington","00","53","033","001400","1",,,,595,266,93,0,10,10,109,107,0,0,0
"530330014002","530330014002","530330014002, 53033001400, King, Washington","00","53","033","001400","2",,,,572,343,69,0,0,42,54,64,0,0,0
"530330014003","530330014003","530330014003, 53033001400, King, Washington","00","53","033","001400","3",,,,762,330,146,12,13,0,58,121,82,0,0
"530330014004","530330014004","530330014004, 53033001400, King, Washington","00","53","033","001400","4",,,,679,679,0,0,0,0,0,0,0,0,0
"530330015001","530330015001","530330015001, 53033001500, King, Washington","00","53","033","001500","1",,,,600,559,23,0,0,0,0,18,0,0,0
"530330015002","530330015002","530330015002, 53033001500, King, Washington","00","53","033","001500","2",,,,662,568,85,0,0,0,9,0,0,0,0
"530330016001","530330016001","530330016001, 53033001600, King, Washington","00","53","033","001600","1",,,,658,640,0,0,0,0,0,0,0,18,0
"530330016002","530330016002","530330016002, 53033001600, King, Washington","00","53","033","001600","2",,,,656,656,0,0,0,0,0,0,0,0,0
"530330016003","530330016003","530330016003, 53033001600, King, Washington","00","53","033","001600","3",,,,824,366,99,96,19,93,57,78,16,0,0
"530330017011","530330017011","530330017011, 53033001701, King, Washington","00","53","033","001701","1",,,,1006,289,12,0,0,18,67,287,333,0,0
"530330017012","530330017012","530330017012, 53033001701, King, Washington","00","53","033","001701","2",,,,698,283,45,13,10,7,47,226,39,28,0
"530330017013","530330017013","530330017013, 53033001701, King, Washington","00","53","033","001701","3",,,,602,206,28,35,66,18,121,128,0,0,0
"530330017021","530330017021","530330017021, 53033001702, King, Washington","00","53","033","001702","1",,,,826,396,0,0,8,86,14,106,216,0,0
"530330017022","530330017022","530330017022, 53033001702, King, Washington","00","53","033","001702","2",,,,545,474,18,14,0,24,0,15,0,0,0
"530330017023","530330017023","530330017023, 53033001702, King, Washington","00","53","033","001702","3",,,,476,203,0,108,30,14,37,63,21,0,0
"530330017024","530330017024","530330017024, 53033001702, King, Washington","00","53","033","001702","4",,,,454,363,33,0,15,0,0,0,0,43,0
"530330018001","530330018001","530330018001, 53033001800, King, Washington","00","53","033","001800","1",,,,762,472,85,86,35,84,0,0,0,0,0
"530330018002","530330018002","530330018002, 53033001800, King, Washington","00","53","033","001800","2",,,,886,110,367,0,72,206,108,23,0,0,0
"530330018003","530330018003","530330018003, 53033001800, King, Washington","00","53","033","001800","3",,,,904,251,238,130,61,37,155,32,0,0,0
"530330019001","530330019001","530330019001, 53033001900, King, Washington","00","53","033","001900","1",,,,963,126,19,12,19,111,114,206,356,0,0
"530330019002","530330019002","530330019002, 53033001900, King, Washington","00","53","033","001900","2",,,,677,574,28,18,38,0,19,0,0,0,0
"530330019003","530330019003","530330019003, 53033001900, King, Washington","00","53","033","001900","3",,,,618,618,0,0,0,0,0,0,0,0,0
"530330020001","530330020001","530330020001, 53033002000, King, Washington","00","53","033","002000","1",,,,908,491,18,19,0,17,52,106,205,0,0
"530330020002","530330020002","530330020002, 53033002000, King, Washington","00","53","033","002000","2",,,,529,418,0,10,22,0,14,58,7,0,0
"530330020003","530330020003","530330020003, 53033002000, King, Washington","00","53","033","002000","3",,,,473,408,0,0,0,0,6,59,0,0,0
"530330021001","530330021001","530330021001, 53033002100, King, Washington","00","53","033","002100","1",,,,737,670,0,18,0,7,33,9,0,0,0
"530330021002","530330021002","530330021002, 53033002100, King, Washington","00","53","033","002100","2",,,,477,280,0,16,28,0,39,34,80,0,0
"530330021003","530330021003","530330021003, 53033002100, King, Washington","00","53","033","002100","3",,,,789,417,63,127,14,53,25,10,17,37,26
"530330022001","530330022001","530330022001, 53033002200, King, Washington","00","53","033","002200","1",,,,708,677,0,0,0,31,0,0,0,0,0
"530330022002","530330022002","530330022002, 53033002200, King, Washington","00","53","033","002200","2",,,,668,668,0,0,0,0,0,0,0,0,0
"530330022003","530330022003","530330022003, 53033002200, King, Washington","00","53","033","002200","3",,,,627,602,11,0,0,0,0,14,0,0,0
"530330022004","530330022004","530330022004, 53033002200, King, Washington","00","53","033","002200","4",,,,561,394,0,0,0,0,15,116,36,0,0
"530330024001","530330024001","530330024001, 53033002400, King, Washington","00","53","033","002400","1",,,,456,456,0,0,0,0,0,0,0,0,0
"530330024002","530330024002","530330024002, 53033002400, King, Washington","00","53","033","002400","2",,,,469,209,32,0,61,18,25,112,12,0,0
"530330024003","530330024003","530330024003, 53033002400, King, Washington","00","53","033","002400","3",,,,577,549,14,5,0,9,0,0,0,0,0
"530330025001","530330025001","530330025001, 53033002500, King, Washington","00","53","033","002500","1",,,,704,632,0,66,0,0,0,0,0,6,0
"530330025002","530330025002","530330025002, 53033002500, King, Washington","00","53","033","002500","2",,,,766,472,86,33,30,15,8,122,0,0,0
"530330026001","530330026001","530330026001, 53033002600, King, Washington","00","53","033","002600","1",,,,550,362,18,0,7,13,0,150,0,0,0
"530330026002","530330026002","530330026002, 53033002600, King, Washington","00","53","033","002600","2",,,,643,560,0,0,9,27,47,0,0,0,0
"530330026003","530330026003","530330026003, 53033002600, King, Washington","00","53","033","002600","3",,,,707,459,15,45,9,16,0,40,123,0,0
"530330026004","530330026004","530330026004, 53033002600, King, Washington","00","53","033","002600","4",,,,482,400,31,0,45,6,0,0,0,0,0
"530330027001","530330027001","530330027001, 53033002700, King, Washington","00","53","033","002700","1",,,,738,605,0,0,15,74,44,0,0,0,0
"530330027002","530330027002","530330027002, 53033002700, King, Washington","00","53","033","002700","2",,,,646,601,22,23,0,0,0,0,0,0,0
"530330027003","530330027003","530330027003, 53033002700, King, Washington","00","53","033","002700","3",,,,565,410,0,28,16,0,92,19,0,0,0
"530330027004","530330027004","530330027004, 53033002700, King, Washington","00","53","033","002700","4",,,,757,435,110,0,0,48,42,122,0,0,0
"530330028001","530330028001","530330028001, 53033002800, King, Washington","00","53","033","002800","1",,,,635,527,0,25,27,22,15,19,0,0,0
"530330028002","530330028002","530330028002, 53033002800, King, Washington","00","53","033","002800","2",,,,515,287,41,105,45,0,37,0,0,0,0
"530330028003","530330028003","530330028003, 53033002800, King, Washington","00","53","033","002800","3",,,,621,306,6,0,66,76,42,125,0,0,0
"530330028004","530330028004","530330028004, 53033002800, King, Washington","00","53","033","002800","4",,,,747,496,52,32,14,96,57,0,0,0,0
"530330029001","530330029001","530330029001, 53033002900, King, Washington","00","53","033","002900","1",,,,724,424,29,30,0,70,149,0,0,22,0
"530330029002","530330029002","530330029002, 53033002900, King, Washington","00","53","033","002900","2",,,,739,681,0,0,20,0,30,0,0,8,0
"530330029003","530330029003","530330029003, 53033002900, King, Washington","00","53","033","002900","3",,,,730,592,24,34,0,49,31,0,0,0,0
"530330030001","530330030001","530330030001, 53033003000, King, Washington","00","53","033","003000","1",,,,838,801,0,0,14,23,0,0,0,0,0
"530330030002","530330030002","530330030002, 53033003000, King, Washington","00","53","033","003000","2",,,,685,547,20,50,31,19,18,0,0,0,0
"530330030003","530330030003","530330030003, 53033003000, King, Washington","00","53","033","003000","3",,,,723,603,16,18,32,54,0,0,0,0,0
"530330030004","530330030004","530330030004, 53033003000, King, Washington","00","53","033","003000","4",,,,668,476,49,0,18,70,55,0,0,0,0
"530330031001","530330031001","530330031001, 53033003100, King, Washington","00","53","033","003100","1",,,,555,457,0,50,7,0,41,0,0,0,0
"530330031002","530330031002","530330031002, 53033003100, King, Washington","00","53","033","003100","2",,,,609,575,0,0,0,34,0,0,0,0,0
"530330031003","530330031003","530330031003, 53033003100, King, Washington","00","53","033","003100","3",,,,642,373,9,0,0,0,115,0,145,0,0
"530330031004","530330031004","530330031004, 53033003100, King, Washington","00","53","033","003100","4",,,,673,673,0,0,0,0,0,0,0,0,0
"530330031005","530330031005","530330031005, 53033003100, King, Washington","00","53","033","003100","5",,,,681,635,18,0,0,17,0,0,0,11,0
"530330032001","530330032001","530330032001, 53033003200, King, Washington","00","53","033","003200","1",,,,541,285,0,0,16,115,125,0,0,0,0
"530330032002","530330032002","530330032002, 53033003200, King, Washington","00","53","033","003200","2",,,,757,268,61,80,90,107,72,57,22,0,0
"530330032003","530330032003","530330032003, 53033003200, King, Washington","00","53","033","003200","3",,,,810,60,275,39,49,113,36,139,99,0,0
"530330032004","530330032004","530330032004, 53033003200, King, Washington","00","53","033","003200","4",,,,866,265,22,41,29,159,28,198,124,0,0
"530330032005","530330032005","530330032005, 53033003200, King, Washington","00","53","033","003200","5",,,,362,254,20,21,0,0,0,40,27,0,0
"530330032006","530330032006","530330032006, 53033003200, King, Washington","00","53","033","003200","6",,,,913,389,20,181,59,16,15,18,215,0,0
"530330032007","530330032007","530330032007, 53033003200, King, Washington","00","53","033","003200","7",,,,575,549,0,0,0,15,11,0,0,0,0
"530330033001","530330033001","530330033001, 53033003300, King, Washington","00","53","033","003300","1",,,,646,518,29,57,42,0,0,0,0,0,0
"530330033002","530330033002","530330033002, 53033003300, King, Washington","00","53","033","003300","2",,,,613,322,62,161,35,33,0,0,0,0,0
"530330033003","530330033003","530330033003, 53033003300, King, Washington","00","53","033","003300","3",,,,1135,188,138,158,196,255,180,20,0,0,0
"530330033004","530330033004","530330033004, 53033003300, King, Washington","00","53","033","003300","4",,,,743,153,103,23,82,143,198,41,0,0,0
"530330033005","530330033005","530330033005, 53033003300, King, Washington","00","53","033","003300","5",,,,535,308,19,126,10,29,43,0,0,0,0
"530330034001","530330034001","530330034001, 53033003400, King, Washington","00","53","033","003400","1",,,,598,360,38,42,62,96,0,0,0,0,0
"530330034002","530330034002","530330034002, 53033003400, King, Washington","00","53","033","003400","2",,,,609,539,11,7,6,46,0,0,0,0,0
"530330034003","530330034003","530330034003, 53033003400, King, Washington","00","53","033","003400","3",,,,554,266,91,144,47,0,0,0,0,6,0
"530330035001","530330035001","530330035001, 53033003500, King, Washington","00","53","033","003500","1",,,,801,567,0,15,11,22,48,41,97,0,0
"530330035002","530330035002","530330035002, 53033003500, King, Washington","00","53","033","003500","2",,,,780,486,18,132,19,59,38,28,0,0,0
"530330035003","530330035003","530330035003, 53033003500, King, Washington","00","53","033","003500","3",,,,614,264,25,37,24,27,40,51,146,0,0
"530330036001","530330036001","530330036001, 53033003600, King, Washington","00","53","033","003600","1",,,,798,242,45,18,0,44,76,373,0,0,0
"530330036002","530330036002","530330036002, 53033003600, King, Washington","00","53","033","003600","2",,,,964,123,84,82,25,118,115,95,322,0,0
"530330036003","530330036003","530330036003, 53033003600, King, Washington","00","53","033","003600","3",,,,669,467,73,34,23,0,14,58,0,0,0
"530330036004","530330036004","530330036004, 53033003600, King, Washington","00","53","033","003600","4",,,,1366,116,183,34,29,61,186,306,451,0,0
"530330038001","530330038001","530330038001, 53033003800, King, Washington","00","53","033","003800","1",,,,625,435,33,19,24,25,38,22,25,4,0
"530330038002","530330038002","530330038002, 53033003800, King, Washington","00","53","033","003800","2",,,,461,424,0,9,10,13,5,0,0,0,0
"530330039001","530330039001","530330039001, 53033003900, King, Washington","00","53","033","003900","1",,,,833,626,17,0,0,33,45,112,0,0,0
"530330039002","530330039002","530330039002, 53033003900, King, Washington","00","53","033","003900","2",,,,507,476,31,0,0,0,0,0,0,0,0
"530330040001","530330040001","530330040001, 53033004000, King, Washington","00","53","033","004000","1",,,,1101,255,63,0,4,50,78,330,321,0,0
"530330040002","530330040002","530330040002, 53033004000, King, Washington","00","53","033","004000","2",,,,401,401,0,0,0,0,0,0,0,0,0
"530330041001","530330041001","530330041001, 53033004100, King, Washington","00","53","033","004100","1",,,,791,254,56,55,36,126,121,92,51,0,0
"530330041002","530330041002","530330041002, 53033004100, King, Washington","00","53","033","004100","2",,,,758,631,96,0,0,15,16,0,0,0,0
"530330041003","530330041003","530330041003, 53033004100, King, Washington","00","53","033","004100","3",,,,599,599,0,0,0,0,0,0,0,0,0
"530330041004","530330041004","530330041004, 53033004100, King, Washington","00","53","033","004100","4",,,,593,361,58,52,71,0,32,0,19,0,0
"530330041005","530330041005","530330041005, 53033004100, King, Washington","00","53","033","004100","5",,,,483,292,0,0,29,54,26,55,0,27,0
"530330041006","530330041006","530330041006, 53033004100, King, Washington","00","53","033","004100","6",,,,377,377,0,0,0,0,0,0,0,0,0
"530330042001","530330042001","530330042001, 53033004200, King, Washington","00","53","033","004200","1",,,,788,649,49,0,11,60,0,0,19,0,0
"530330042002","530330042002","530330042002, 53033004200, King, Washington","00","53","033","004200","2",,,,767,540,36,0,63,45,0,60,23,0,0
"530330042003","530330042003","530330042003, 53033004200, King, Washington","00","53","033","004200","3",,,,818,543,19,0,13,47,82,19,95,0,0
"530330042004","530330042004","530330042004, 53033004200, King, Washington","00","53","033","004200","4",,,,682,618,0,0,0,26,12,0,18,8,0
"530330042005","530330042005","530330042005, 53033004200, King, Washington","00","53","033","004200","5",,,,680,585,0,20,0,35,40,0,0,0,0
"530330043011","530330043011","530330043011, 53033004301, King, Washington","00","53","033","004301","1",,,,581,103,27,0,15,38,7,90,301,0,0
"530330043012","530330043012","530330043012, 53033004301, King, Washington","00","53","033","004301","2",,,,592,475,33,0,0,84,0,0,0,0,0
"530330043013","530330043013","530330043013, 53033004301, King, Washington","00","53","033","004301","3",,,,585,419,0,18,0,0,5,17,126,0,0
"530330043021","530330043021","530330043021, 53033004302, King, Washington","00","53","033","004302","1",,,,847,87,48,79,169,97,26,145,155,41,0
"530330043022","530330043022","530330043022, 53033004302, King, Washington","00","53","033","004302","2",,,,976,23,10,21,14,207,369,119,204,9,0
"530330044001","530330044001","530330044001, 53033004400, King, Washington","00","53","033","004400","1",,,,563,357,18,55,0,44,89,0,0,0,0
"530330044002","530330044002","530330044002, 53033004400, King, Washington","00","53","033","004400","2",,,,894,409,0,24,64,0,167,128,102,0,0
"530330044003","530330044003","530330044003, 53033004400, King, Washington","00","53","033","004400","3",,,,567,196,93,31,0,51,50,146,0,0,0
"530330044004","530330044004","530330044004, 53033004400, King, Washington","00","53","033","004400","4",,,,1012,151,75,53,87,109,323,214,0,0,0
"530330045001","530330045001","530330045001, 53033004500, King, Washington","00","53","033","004500","1",,,,464,351,9,25,11,0,0,68,0,0,0
"530330045002","530330045002","530330045002, 53033004500, King, Washington","00","53","033","004500","2",,,,750,649,27,63,11,0,0,0,0,0,0
"530330046001","530330046001","530330046001, 53033004600, King, Washington","00","53","033","004600","1",,,,559,404,0,78,59,0,0,0,0,18,0
"530330046002","530330046002","530330046002, 53033004600, King, Washington","00","53","033","004600","2",,,,709,408,29,65,33,41,96,37,0,0,0
"530330046003","530330046003","530330046003, 53033004600, King, Washington","00","53","033","004600","3",,,,410,356,23,23,0,8,0,0,0,0,0
"530330047001","530330047001","530330047001, 53033004700, King, Washington","00","53","033","004700","1",,,,665,367,76,0,65,10,12,135,0,0,0
"530330047002","530330047002","530330047002, 53033004700, King, Washington","00","53","033","004700","2",,,,870,100,60,11,74,269,103,77,176,0,0
"530330047003","530330047003","530330047003, 53033004700, King, Washington","00","53","033","004700","3",,,,1748,120,157,0,0,249,123,356,743,0,0
"530330047004","530330047004","530330047004, 53033004700, King, Washington","00","53","033","004700","4",,,,1545,70,46,14,40,159,128,286,802,0,0
"530330048001","530330048001","530330048001, 53033004800, King, Washington","00","53","033","004800","1",,,,566,377,27,138,24,0,0,0,0,0,0
"530330048002","530330048002","530330048002, 53033004800, King, Washington","00","53","033","004800","2",,,,736,493,47,0,49,108,39,0,0,0,0
"530330048003","530330048003","530330048003, 53033004800, King, Washington","00","53","033","004800","3",,,,685,291,90,91,71,30,29,83,0,0,0
"530330048004","530330048004","530330048004, 53033004800, King, Washington","00","53","033","004800","4",,,,599,330,72,157,40,0,0,0,0,0,0
"530330049001","530330049001","530330049001, 53033004900, King, Washington","00","53","033","004900","1",,,,751,242,15,130,0,148,176,20,20,0,0
"530330049002","530330049002","530330049002, 53033004900, King, Washington","00","53","033","004900","2",,,,782,37,83,67,56,194,37,197,111,0,0
"530330049003","530330049003","530330049003, 53033004900, King, Washington","00","53","033","004900","3",,,,917,194,163,0,70,34,227,229,0,0,0
"530330049004","530330049004","530330049004, 53033004900, King, Washington","00","53","033","004900","4",,,,858,317,38,56,85,253,66,43,0,0,0
"530330049005","530330049005","530330049005, 53033004900, King, Washington","00","53","033","004900","5",,,,944,223,219,18,42,259,93,90,0,0,0
"530330050001","530330050001","530330050001, 53033005000, King, Washington","00","53","033","005000","1",,,,810,294,98,30,36,166,87,99,0,0,0
"530330050002","530330050002","530330050002, 53033005000, King, Washington","00","53","033","005000","2",,,,593,170,10,29,45,0,37,270,32,0,0
"530330050003","530330050003","530330050003, 53033005000, King, Washington","00","53","033","005000","3",,,,891,110,33,73,23,106,80,124,342,0,0
"530330051001","530330051001","530330051001, 53033005100, King, Washington","00","53","033","005100","1",,,,738,332,47,79,95,0,46,123,16,0,0
"530330051002","530330051002","530330051002, 53033005100, King, Washington","00","53","033","005100","2",,,,600,567,0,11,0,22,0,0,0,0,0
"530330051003","530330051003","530330051003, 53033005100, King, Washington","00","53","033","005100","3",,,,587,402,0,29,52,36,0,58,0,10,0
"530330052001","530330052001","530330052001, 53033005200, King, Washington","00","53","033","005200","1",,,,561,55,11,14,26,65,79,301,0,10,0
"530330052002","530330052002","530330052002, 53033005200, King, Washington","00","53","033","005200","2",,,,711,0,8,12,0,42,117,307,209,8,8
"530330052003","530330052003","530330052003, 53033005200, King, Washington","00","53","033","005200","3",,,,574,188,23,123,68,27,69,76,0,0,0
"530330052004","530330052004","530330052004, 53033005200, King, Washington","00","53","033","005200","4",,,,716,516,0,42,0,16,0,61,81,0,0
"530330052005","530330052005","530330052005, 53033005200, King, Washington","00","53","033","005200","5",,,,902,123,0,0,0,0,50,204,525,0,0
"530330053011","530330053011","530330053011, 53033005301, King, Washington","00","53","033","005301","1",,,,530,33,57,96,0,0,79,218,47,0,0
"530330053012","530330053012","530330053012, 53033005301, King, Washington","00","53","033","005301","2",,,,1208,49,0,0,8,28,57,299,767,0,0
"530330053013","530330053013","530330053013, 53033005301, King, Washington","00","53","033","005301","3",,,,928,23,0,0,13,69,143,405,275,0,0
"530330053014","530330053014","530330053014, 53033005301, King, Washington","00","53","033","005301","4",,,,677,0,21,0,0,41,134,374,107,0,0
"530330053021","530330053021","530330053021, 53033005302, King, Washington","00","53","033","005302","1",,,,209,8,0,0,0,0,6,20,175,0,0
"530330053022","530330053022","530330053022, 53033005302, King, Washington","00","53","033","005302","2",,,,14,12,0,0,0,0,0,0,0,0,2
"530330053023","530330053023","530330053023, 53033005302, King, Washington","00","53","033","005302","3",,,,2,0,0,0,0,0,1,1,0,0,0
"530330054001","530330054001","530330054001, 53033005400, King, Washington","00","53","033","005400","1",,,,601,380,56,93,24,16,0,0,32,0,0
"530330054002","530330054002","530330054002, 53033005400, King, Washington","00","53","033","005400","2",,,,924,167,60,103,90,47,50,225,136,0,46
"530330054003","530330054003","530330054003, 53033005400, King, Washington","00","53","033","005400","3",,,,754,189,57,81,62,124,75,117,49,0,0
"530330054004","530330054004","530330054004, 53033005400, King, Washington","00","53","033","005400","4",,,,855,105,64,88,14,185,158,198,43,0,0
"530330056001","530330056001","530330056001, 53033005600, King, Washington","00","53","033","005600","1",,,,627,627,0,0,0,0,0,0,0,0,0
"530330056002","530330056002","530330056002, 53033005600, King, Washington","00","53","033","005600","2",,,,613,613,0,0,0,0,0,0,0,0,0
"530330056003","530330056003","530330056003, 53033005600, King, Washington","00","53","033","005600","3",,,,597,583,0,14,0,0,0,0,0,0,0
"530330056004","530330056004","530330056004, 53033005600, King, Washington","00","53","033","005600","4",,,,594,594,0,0,0,0,0,0,0,0,0
"530330056005","530330056005","530330056005, 53033005600, King, Washington","00","53","033","005600","5",,,,665,665,0,0,0,0,0,0,0,0,0
"530330057001","530330057001","530330057001, 53033005700, King, Washington","00","53","033","005700","1",,,,218,149,27,42,0,0,0,0,0,0,0
"530330057002","530330057002","530330057002, 53033005700, King, Washington","00","53","033","005700","2",,,,561,446,42,73,0,0,0,0,0,0,0
"530330057003","530330057003","530330057003, 53033005700, King, Washington","00","53","033","005700","3",,,,477,384,0,0,0,16,0,77,0,0,0
"530330057004","530330057004","530330057004, 53033005700, King, Washington","00","53","033","005700","4",,,,567,473,22,41,0,0,19,0,0,12,0
"530330057005","530330057005","530330057005, 53033005700, King, Washington","00","53","033","005700","5",,,,621,267,0,88,10,35,9,205,0,7,0
"530330057006","530330057006","530330057006, 53033005700, King, Washington","00","53","033","005700","6",,,,793,378,16,19,0,94,185,101,0,0,0
"530330058011","530330058011","530330058011, 53033005801, King, Washington","00","53","033","005801","1",,,,640,264,119,24,65,96,47,25,0,0,0
"530330058012","530330058012","530330058012, 53033005801, King, Washington","00","53","033","005801","2",,,,938,109,0,0,13,59,200,458,99,0,0
"530330058013","530330058013","530330058013, 53033005801, King, Washington","00","53","033","005801","3",,,,744,260,34,0,0,23,121,262,44,0,0
"530330058014","530330058014","530330058014, 53033005801, King, Washington","00","53","033","005801","4",,,,678,266,53,21,69,71,111,52,35,0,0
"530330058021","530330058021","530330058021, 53033005802, King, Washington","00","53","033","005802","1",,,,848,379,27,126,62,51,63,140,0,0,0
"530330058022","530330058022","530330058022, 53033005802, King, Washington","00","53","033","005802","2",,,,1157,219,0,196,122,196,106,283,35,0,0
"530330058023","530330058023","530330058023, 53033005802, King, Washington","00","53","033","005802","3",,,,1012,261,77,19,55,143,287,162,0,8,0
"530330059001","530330059001","530330059001, 53033005900, King, Washington","00","53","033","005900","1",,,,894,132,107,92,88,127,192,120,16,0,20
"530330059002","530330059002","530330059002, 53033005900, King, Washington","00","53","033","005900","2",,,,646,413,0,203,0,0,30,0,0,0,0
"530330059003","530330059003","530330059003, 53033005900, King, Washington","00","53","033","005900","3",,,,193,98,0,18,20,57,0,0,0,0,0
"530330059004","530330059004","530330059004, 53033005900, King, Washington","00","53","033","005900","4",,,,781,538,43,67,25,54,54,0,0,0,0
"530330059005","530330059005","530330059005, 53033005900, King, Washington","00","53","033","005900","5",,,,568,386,42,89,36,0,15,0,0,0,0
"530330060001","530330060001","530330060001, 53033006000, King, Washington","00","53","033","006000","1",,,,1079,103,34,22,104,273,119,114,310,0,0
"530330060002","530330060002","530330060002, 53033006000, King, Washington","00","53","033","006000","2",,,,614,560,0,15,12,27,0,0,0,0,0
"530330060003","530330060003","530330060003, 53033006000, King, Washington","00","53","033","006000","3",,,,631,583,11,0,37,0,0,0,0,0,0
"530330060004","530330060004","530330060004, 53033006000, King, Washington","00","53","033","006000","4",,,,690,126,107,21,48,170,59,159,0,0,0
"530330061001","530330061001","530330061001, 53033006100, King, Washington","00","53","033","006100","1",,,,760,237,57,53,52,105,104,110,0,0,42
"530330061002","530330061002","530330061002, 53033006100, King, Washington","00","53","033","006100","2",,,,661,252,0,138,23,12,110,126,0,0,0
"530330061003","530330061003","530330061003, 53033006100, King, Washington","00","53","033","006100","3",,,,1071,134,71,0,71,74,239,228,228,8,18
"530330061004","530330061004","530330061004, 53033006100, King, Washington","00","53","033","006100","4",,,,876,317,58,39,116,138,75,133,0,0,0
"530330062001","530330062001","530330062001, 53033006200, King, Washington","00","53","033","006200","1",,,,648,500,13,31,0,0,44,60,0,0,0
"530330062002","530330062002","530330062002, 53033006200, King, Washington","00","53","033","006200","2",,,,668,659,9,0,0,0,0,0,0,0,0
"530330062003","530330062003","530330062003, 53033006200, King, Washington","00","53","033","006200","3",,,,481,428,0,0,14,11,28,0,0,0,0
"530330063001","530330063001","530330063001, 53033006300, King, Washington","00","53","033","006300","1",,,,1016,216,30,0,32,156,133,161,288,0,0
"530330063002","530330063002","530330063002, 53033006300, King, Washington","00","53","033","006300","2",,,,793,313,0,0,13,18,49,145,255,0,0
"530330063003","530330063003","530330063003, 53033006300, King, Washington","00","53","033","006300","3",,,,578,283,0,0,12,75,9,20,179,0,0
"530330063004","530330063004","530330063004, 53033006300, King, Washington","00","53","033","006300","4",,,,631,555,50,26,0,0,0,0,0,0,0
"530330064001","530330064001","530330064001, 53033006400, King, Washington","00","53","033","006400","1",,,,523,436,0,24,30,0,0,0,33,0,0
"530330064002","530330064002","530330064002, 53033006400, King, Washington","00","53","033","006400","2",,,,426,313,0,31,9,0,0,28,45,0,0
"530330064003","530330064003","530330064003, 53033006400, King, Washington","00","53","033","006400","3",,,,531,468,0,15,0,30,18,0,0,0,0
"530330065001","530330065001","530330065001, 53033006500, King, Washington","00","53","033","006500","1",,,,586,450,19,0,55,0,62,0,0,0,0
"530330065002","530330065002","530330065002, 53033006500, King, Washington","00","53","033","006500","2",,,,1140,196,114,70,47,101,277,291,44,0,0
"530330065003","530330065003","530330065003, 53033006500, King, Washington","00","53","033","006500","3",,,,1049,284,0,19,31,205,262,226,0,22,0
"530330066001","530330066001","530330066001, 53033006600, King, Washington","00","53","033","006600","1",,,,1117,161,15,0,16,33,83,344,465,0,0
"530330066002","530330066002","530330066002, 53033006600, King, Washington","00","53","033","006600","2",,,,1338,118,86,19,67,400,345,303,0,0,0
"530330067001","530330067001","530330067001, 53033006700, King, Washington","00","53","033","006700","1",,,,1515,15,27,51,87,10,61,322,942,0,0
"530330067002","530330067002","530330067002, 53033006700, King, Washington","00","53","033","006700","2",,,,1348,42,26,52,23,171,117,696,221,0,0
"530330067003","530330067003","530330067003, 53033006700, King, Washington","00","53","033","006700","3",,,,894,135,46,24,37,139,209,279,25,0,0
"530330067004","530330067004","530330067004, 53033006700, King, Washington","00","53","033","006700","4",,,,1066,299,72,0,56,87,319,97,136,0,0
"530330068001","530330068001","530330068001, 53033006800, King, Washington","00","53","033","006800","1",,,,720,520,44,27,44,36,49,0,0,0,0
"530330068002","530330068002","530330068002, 53033006800, King, Washington","00","53","033","006800","2",,,,874,382,17,39,109,35,87,75,130,0,0
"530330069001","530330069001","530330069001, 53033006900, King, Washington","00","53","033","006900","1",,,,591,475,18,0,32,12,14,40,0,0,0
"530330069002","530330069002","530330069002, 53033006900, King, Washington","00","53","033","006900","2",,,,605,322,27,0,31,32,56,121,16,0,0
"530330069003","530330069003","530330069003, 53033006900, King, Washington","00","53","033","006900","3",,,,572,175,0,14,39,68,26,112,138,0,0
"530330069004","530330069004","530330069004, 53033006900, King, Washington","00","53","033","006900","4",,,,739,215,47,62,108,74,0,213,20,0,0
"530330070001","530330070001","530330070001, 53033007000, King, Washington","00","53","033","007000","1",,,,775,153,0,96,12,26,67,201,220,0,0
"530330070002","530330070002","530330070002, 53033007000, King, Washington","00","53","033","007000","2",,,,1037,0,0,0,13,19,201,483,321,0,0
"530330070003","530330070003","530330070003, 53033007000, King, Washington","00","53","033","007000","3",,,,1232,24,0,57,26,188,162,424,351,0,0
"530330070004","530330070004","530330070004, 53033007000, King, Washington","00","53","033","007000","4",,,,908,16,9,0,0,60,107,482,234,0,0
"530330070005","530330070005","530330070005, 53033007000, King, Washington","00","53","033","007000","5",,,,992,0,0,0,0,19,144,322,507,0,0
"530330070006","530330070006","530330070006, 53033007000, King, Washington","00","53","033","007000","6",,,,827,112,45,0,0,37,111,406,116,0,0
"530330071001","530330071001","530330071001, 53033007100, King, Washington","00","53","033","007100","1",,,,851,0,8,0,19,35,153,384,252,0,0
"530330071002","530330071002","530330071002, 53033007100, King, Washington","00","53","033","007100","2",,,,1562,17,0,0,16,59,36,705,729,0,0
"530330072001","530330072001","530330072001, 53033007200, King, Washington","00","53","033","007200","1",,,,2053,14,11,0,0,40,0,275,1713,0,0
"530330072002","530330072002","530330072002, 53033007200, King, Washington","00","53","033","007200","2",,,,1088,0,0,0,0,0,14,41,1033,0,0
"530330072003","530330072003","530330072003, 53033007200, King, Washington","00","53","033","007200","3",,,,1412,11,0,0,0,7,22,191,1181,0,0
"530330073001","530330073001","530330073001, 53033007300, King, Washington","00","53","033","007300","1",,,,1325,11,0,0,0,46,73,260,935,0,0
"530330073002","530330073002","530330073002, 53033007300, King, Washington","00","53","033","007300","2",,,,1113,0,0,0,0,0,36,80,997,0,0
"530330073003","530330073003","530330073003, 53033007300, King, Washington","00","53","033","007300","3",,,,1321,25,0,0,0,9,31,66,1190,0,0
"530330074011","530330074011","530330074011, 53033007401, King, Washington","00","53","033","007401","1",,,,910,53,0,0,0,34,161,366,296,0,0
"530330074012","530330074012","530330074012, 53033007401, King, Washington","00","53","033","007401","2",,,,839,0,119,0,0,26,52,387,255,0,0
"530330074013","530330074013","530330074013, 53033007401, King, Washington","00","53","033","007401","3",,,,807,14,0,0,0,37,117,409,230,0,0
"530330074014","530330074014","530330074014, 53033007401, King, Washington","00","53","033","007401","4",,,,980,66,0,0,15,42,585,237,35,0,0
"530330074021","530330074021","530330074021, 53033007402, King, Washington","00","53","033","007402","1",,,,1432,110,14,0,92,52,194,650,320,0,0
"530330074022","530330074022","530330074022, 53033007402, King, Washington","00","53","033","007402","2",,,,1164,0,13,13,0,13,228,525,372,0,0
"530330074023","530330074023","530330074023, 53033007402, King, Washington","00","53","033","007402","3",,,,1441,0,0,0,0,74,138,507,722,0,0
"530330075001","530330075001","530330075001, 53033007500, King, Washington","00","53","033","007500","1",,,,999,25,12,0,0,174,218,255,315,0,0
"530330075002","530330075002","530330075002, 53033007500, King, Washington","00","53","033","007500","2",,,,1014,76,46,0,96,111,109,307,269,0,0
"530330075003","530330075003","530330075003, 53033007500, King, Washington","00","53","033","007500","3",,,,1250,42,23,112,153,229,196,330,165,0,0
"530330075004","530330075004","530330075004, 53033007500, King, Washington","00","53","033","007500","4",,,,1016,117,42,0,9,46,191,471,140,0,0
"530330075005","530330075005","530330075005, 53033007500, King, Washington","00","53","033","007500","5",,,,685,57,0,19,111,21,223,231,23,0,0
"530330076001","530330076001","530330076001, 53033007600, King, Washington","00","53","033","007600","1",,,,705,243,85,33,19,16,198,111,0,0,0
"530330076002","530330076002","530330076002, 53033007600, King, Washington","00","53","033","007600","2",,,,805,154,157,57,79,31,162,123,42,0,0
"530330076003","530330076003","530330076003, 53033007600, King, Washington","00","53","033","007600","3",,,,810,64,32,23,71,46,262,230,82,0,0
"530330077001","530330077001","530330077001, 53033007700, King, Washington","00","53","033","007700","1",,,,610,538,0,60,0,0,12,0,0,0,0
"530330077002","530330077002","530330077002, 53033007700, King, Washington","00","53","033","007700","2",,,,506,396,31,37,10,0,10,22,0,0,0
"530330077003","530330077003","530330077003, 53033007700, King, Washington","00","53","033","007700","3",,,,525,328,100,13,0,32,30,0,22,0,0
"530330077004","530330077004","530330077004, 53033007700, King, Washington","00","53","033","007700","4",,,,907,146,221,0,39,120,190,191,0,0,0
"530330078001","530330078001","530330078001, 53033007800, King, Washington","00","53","033","007800","1",,,,623,609,0,0,0,0,14,0,0,0,0
"530330078002","530330078002","530330078002, 53033007800, King, Washington","00","53","033","007800","2",,,,729,592,0,67,13,12,45,0,0,0,0
"530330078003","530330078003","530330078003, 53033007800, King, Washington","00","53","033","007800","3",,,,578,345,83,0,37,29,0,84,0,0,0
"530330078004","530330078004","530330078004, 53033007800, King, Washington","00","53","033","007800","4",,,,583,538,0,45,0,0,0,0,0,0,0
"530330079001","530330079001","530330079001, 53033007900, King, Washington","00","53","033","007900","1",,,,602,225,0,54,12,0,0,0,305,6,0
"530330079002","530330079002","530330079002, 53033007900, King, Washington","00","53","033","007900","2",,,,639,174,44,132,13,42,0,156,78,0,0
"530330079003","530330079003","530330079003, 53033007900, King, Washington","00","53","033","007900","3",,,,532,64,6,26,37,59,180,160,0,0,0
"530330079004","530330079004","530330079004, 53033007900, King, Washington","00","53","033","007900","4",,,,795,9,10,0,0,83,18,229,439,7,0
"530330079005","530330079005","530330079005, 53033007900, King, Washington","00","53","033","007900","5",,,,924,85,0,0,24,141,87,331,256,0,0
"530330080011","530330080011","530330080011, 53033008001, King, Washington","00","53","033","008001","1",,,,1252,10,0,0,0,18,23,167,1034,0,0
"530330080012","530330080012","530330080012, 53033008001, King, Washington","00","53","033","008001","2",,,,803,0,0,0,0,0,89,133,581,0,0
"530330080013","530330080013","530330080013, 53033008001, King, Washington","00","53","033","008001","3",,,,926,23,18,0,19,53,21,179,613,0,0
"530330080014","530330080014","530330080014, 53033008001, King, Washington","00","53","033","008001","4",,,,1039,37,0,0,0,0,31,69,887,15,0
"530330080015","530330080015","530330080015, 53033008001, King, Washington","00","53","033","008001","5",,,,644,81,0,0,7,0,0,21,535,0,0
"530330080021","530330080021","530330080021, 53033008002, King, Washington","00","53","033","008002","1",,,,1288,11,14,13,0,0,24,254,972,0,0
"530330080022","530330080022","530330080022, 53033008002, King, Washington","00","53","033","008002","2",,,,1132,17,0,0,0,0,14,153,948,0,0
"530330081001","530330081001","530330081001, 53033008100, King, Washington","00","53","033","008100","1",,,,1238,0,11,0,0,8,24,63,1132,0,0
"530330081002","530330081002","530330081002, 53033008100, King, Washington","00","53","033","008100","2",,,,717,14,0,0,0,0,42,224,437,0,0
"530330081003","530330081003","530330081003, 53033008100, King, Washington","00","53","033","008100","3",,,,1068,37,0,0,0,40,5,191,795,0,0
"530330082001","530330082001","530330082001, 53033008200, King, Washington","00","53","033","008200","1",,,,749,10,0,29,11,0,12,22,665,0,0
"530330082002","530330082002","530330082002, 53033008200, King, Washington","00","53","033","008200","2",,,,1148,0,0,11,0,0,0,167,970,0,0
"530330082003","530330082003","530330082003, 53033008200, King, Washington","00","53","033","008200","3",,,,869,27,25,0,0,0,0,139,678,0,0
"530330083001","530330083001","530330083001, 53033008300, King, Washington","00","53","033","008300","1",,,,855,49,28,0,7,0,8,111,652,0,0
"530330083002","530330083002","530330083002, 53033008300, King, Washington","00","53","033","008300","2",,,,1305,14,0,0,0,0,7,235,1049,0,0
"530330084001","530330084001","530330084001, 53033008400, King, Washington","00","53","033","008400","1",,,,1165,0,36,0,11,46,152,632,288,0,0
"530330084002","530330084002","530330084002, 53033008400, King, Washington","00","53","033","008400","2",,,,1176,0,12,0,0,34,43,350,737,0,0
"530330084003","530330084003","530330084003, 53033008400, King, Washington","00","53","033","008400","3",,,,903,16,0,37,0,14,165,442,229,0,0
"530330085001","530330085001","530330085001, 53033008500, King, Washington","00","53","033","008500","1",,,,783,0,0,11,0,4,9,295,464,0,0
"530330085002","530330085002","530330085002, 53033008500, King, Washington","00","53","033","008500","2",,,,618,0,34,0,56,28,12,253,235,0,0
"530330085003","530330085003","530330085003, 53033008500, King, Washington","00","53","033","008500","3",,,,452,23,0,0,14,8,19,34,354,0,0
"530330086001","530330086001","530330086001, 53033008600, King, Washington","00","53","033","008600","1",,,,848,89,10,129,133,120,98,115,154,0,0
"530330086002","530330086002","530330086002, 53033008600, King, Washington","00","53","033","008600","2",,,,965,0,37,48,0,79,26,512,263,0,0
"530330086003","530330086003","530330086003, 53033008600, King, Washington","00","53","033","008600","3",,,,639,44,23,95,18,51,102,111,190,5,0
"530330087001","530330087001","530330087001, 53033008700, King, Washington","00","53","033","008700","1",,,,673,258,41,87,41,34,145,67,0,0,0
"530330087002","530330087002","530330087002, 53033008700, King, Washington","00","53","033","008700","2",,,,585,145,140,35,51,17,21,46,130,0,0
"530330087003","530330087003","530330087003, 53033008700, King, Washington","00","53","033","008700","3",,,,748,259,67,62,61,42,30,198,29,0,0
"530330088001","530330088001","530330088001, 53033008800, King, Washington","00","53","033","008800","1",,,,685,527,28,26,12,30,34,15,0,13,0
"530330088002","530330088002","530330088002, 53033008800, King, Washington","00","53","033","008800","2",,,,614,441,63,56,20,14,20,0,0,0,0
"530330088003","530330088003","530330088003, 53033008800, King, Washington","00","53","033","008800","3",,,,508,293,58,0,45,32,80,0,0,0,0
"530330089001","530330089001","530330089001, 53033008900, King, Washington","00","53","033","008900","1",,,,762,366,0,19,19,96,18,153,91,0,0
"530330089002","530330089002","530330089002, 53033008900, King, Washington","00","53","033","008900","2",,,,613,465,126,22,0,0,0,0,0,0,0
"530330089003","530330089003","530330089003, 53033008900, King, Washington","00","53","033","008900","3",,,,633,178,79,31,53,38,55,179,20,0,0
"530330089004","530330089004","530330089004, 53033008900, King, Washington","00","53","033","008900","4",,,,525,188,56,193,48,40,0,0,0,0,0
"530330090001","530330090001","530330090001, 53033009000, King, Washington","00","53","033","009000","1",,,,745,129,22,77,24,11,20,73,389,0,0
"530330090002","530330090002","530330090002, 53033009000, King, Washington","00","53","033","009000","2",,,,1042,106,77,39,31,56,60,99,574,0,0
"530330091001","530330091001","530330091001, 53033009100, King, Washington","00","53","033","009100","1",,,,770,32,60,30,14,196,17,160,261,0,0
"530330091002","530330091002","530330091002, 53033009100, King, Washington","00","53","033","009100","2",,,,1034,0,0,0,7,0,53,449,525,0,0
"530330092001","530330092001","530330092001, 53033009200, King, Washington","00","53","033","009200","1",,,,1202,24,0,0,0,15,39,171,953,0,0
"530330092002","530330092002","530330092002, 53033009200, King, Washington","00","53","033","009200","2",,,,851,23,0,0,0,37,54,231,499,7,0
"530330093001","530330093001","530330093001, 53033009300, King, Washington","00","53","033","009300","1",,,,505,19,39,0,9,0,129,97,212,0,0
"530330093002","530330093002","530330093002, 53033009300, King, Washington","00","53","033","009300","2",,,,166,9,0,8,33,0,9,22,85,0,0
"530330093003","530330093003","530330093003, 53033009300, King, Washington","00","53","033","009300","3",,,,544,344,17,0,0,38,29,116,0,0,0
"530330094001","530330094001","530330094001, 53033009400, King, Washington","00","53","033","009400","1",,,,625,35,128,62,10,105,45,0,240,0,0
"530330094002","530330094002","530330094002, 53033009400, King, Washington","00","53","033","009400","2",,,,675,267,73,51,29,0,10,16,215,14,0
"530330094003","530330094003","530330094003, 53033009400, King, Washington","00","53","033","009400","3",,,,517,362,56,99,0,0,0,0,0,0,0
"530330094004","530330094004","530330094004, 53033009400, King, Washington","00","53","033","009400","4",,,,376,99,40,50,135,0,52,0,0,0,0
"530330094005","530330094005","530330094005, 53033009400, King, Washington","00","53","033","009400","5",,,,696,194,202,83,106,0,44,0,67,0,0
"530330095001","530330095001","530330095001, 53033009500, King, Washington","00","53","033","009500","1",,,,750,657,17,46,0,0,0,0,0,30,0
"530330095002","530330095002","530330095002, 53033009500, King, Washington","00","53","033","009500","2",,,,813,465,34,98,16,0,12,25,163,0,0
"530330095003","530330095003","530330095003, 53033009500, King, Washington","00","53","033","009500","3",,,,651,629,22,0,0,0,0,0,0,0,0
"530330095004","530330095004","530330095004, 53033009500, King, Washington","00","53","033","009500","4",,,,663,334,41,25,14,30,37,97,68,17,0
"530330096001","530330096001","530330096001, 53033009600, King, Washington","00","53","033","009600","1",,,,428,251,0,52,17,44,13,51,0,0,0
"530330096002","530330096002","530330096002, 53033009600, King, Washington","00","53","033","009600","2",,,,760,109,0,0,49,41,172,242,147,0,0
"530330096003","530330096003","530330096003, 53033009600, King, Washington","00","53","033","009600","3",,,,567,394,32,0,41,12,36,52,0,0,0
"530330096004","530330096004","530330096004, 53033009600, King, Washington","00","53","033","009600","4",,,,618,359,43,0,11,103,50,52,0,0,0
"530330096005","530330096005","530330096005, 53033009600, King, Washington","00","53","033","009600","5",,,,886,291,0,14,60,119,128,194,80,0,0
"530330097011","530330097011","530330097011, 53033009701, King, Washington","00","53","033","009701","1",,,,957,495,96,43,19,55,153,96,0,0,0
"530330097012","530330097012","530330097012, 53033009701, King, Washington","00","53","033","009701","2",,,,704,373,41,9,0,39,50,123,69,0,0
"530330097013","530330097013","530330097013, 53033009701, King, Washington","00","53","033","009701","3",,,,783,109,0,147,113,120,89,76,129,0,0
"530330097014","530330097014","530330097014, 53033009701, King, Washington","00","53","033","009701","4",,,,875,578,67,21,64,72,58,0,15,0,0
"530330097021","530330097021","530330097021, 53033009702, King, Washington","00","53","033","009702","1",,,,589,523,0,0,0,0,56,0,0,10,0
"530330097022","530330097022","530330097022, 53033009702, King, Washington","00","53","033","009702","2",,,,477,477,0,0,0,0,0,0,0,0,0
"530330097023","530330097023","530330097023, 53033009702, King, Washington","00","53","033","009702","3",,,,447,402,21,13,0,0,0,11,0,0,0
"530330097024","530330097024","530330097024, 53033009702, King, Washington","00","53","033","009702","4",,,,489,489,0,0,0,0,0,0,0,0,0
"530330097025","530330097025","530330097025, 53033009702, King, Washington","00","53","033","009702","5",,,,626,439,0,95,8,14,19,51,0,0,0
"530330098001","530330098001","530330098001, 53033009800, King, Washington","00","53","033","009800","1",,,,721,499,20,0,15,88,0,99,0,0,0
"530330098002","530330098002","530330098002, 53033009800, King, Washington","00","53","033","009800","2",,,,594,538,19,17,0,0,0,20,0,0,0
"530330098003","530330098003","530330098003, 53033009800, King, Washington","00","53","033","009800","3",,,,644,568,0,0,24,44,8,0,0,0,0
"530330098004","530330098004","530330098004, 53033009800, King, Washington","00","53","033","009800","4",,,,768,298,60,112,16,114,94,74,0,0,0
"530330098005","530330098005","530330098005, 53033009800, King, Washington","00","53","033","009800","5",,,,696,410,37,47,28,28,96,50,0,0,0
"530330099001","530330099001","530330099001, 53033009900, King, Washington","00","53","033","009900","1",,,,637,385,26,0,0,12,0,65,149,0,0
"530330099002","530330099002","530330099002, 53033009900, King, Washington","00","53","033","009900","2",,,,797,604,24,89,41,0,0,30,0,9,0
"530330099003","530330099003","530330099003, 53033009900, King, Washington","00","53","033","009900","3",,,,845,177,20,21,23,56,83,203,262,0,0
"530330099004","530330099004","530330099004, 53033009900, King, Washington","00","53","033","009900","4",,,,614,175,94,47,37,17,12,130,102,0,0
"530330100011","530330100011","530330100011, 53033010001, King, Washington","00","53","033","010001","1",,,,421,356,0,29,0,0,36,0,0,0,0
"530330100012","530330100012","530330100012, 53033010001, King, Washington","00","53","033","010001","2",,,,626,431,22,51,0,90,32,0,0,0,0
"530330100013","530330100013","530330100013, 53033010001, King, Washington","00","53","033","010001","3",,,,724,162,133,55,17,0,44,171,142,0,0
"530330100021","530330100021","530330100021, 53033010002, King, Washington","00","53","033","010002","1",,,,412,261,43,0,0,0,34,74,0,0,0
"530330100022","530330100022","530330100022, 53033010002, King, Washington","00","53","033","010002","2",,,,655,263,13,14,27,78,145,92,23,0,0
"530330100023","530330100023","530330100023, 53033010002, King, Washington","00","53","033","010002","3",,,,407,384,0,23,0,0,0,0,0,0,0
"530330100024","530330100024","530330100024, 53033010002, King, Washington","00","53","033","010002","4",,,,559,392,19,23,24,9,83,9,0,0,0
"530330101001","530330101001","530330101001, 53033010100, King, Washington","00","53","033","010100","1",,,,569,485,0,0,0,29,0,55,0,0,0
"530330101002","530330101002","530330101002, 53033010100, King, Washington","00","53","033","010100","2",,,,475,417,0,0,0,0,58,0,0,0,0
"530330101003","530330101003","530330101003, 53033010100, King, Washington","00","53","033","010100","3",,,,279,135,67,18,0,20,0,0,39,0,0
"530330101004","530330101004","530330101004, 53033010100, King, Washington","00","53","033","010100","4",,,,724,221,15,0,0,81,53,0,354,0,0
"530330101005","530330101005","530330101005, 53033010100, King, Washington","00","53","033","010100","5",,,,973,695,60,73,0,15,0,0,130,0,0
"530330102001","530330102001","530330102001, 53033010200, King, Washington","00","53","033","010200","1",,,,727,717,0,0,10,0,0,0,0,0,0
"530330102002","530330102002","530330102002, 53033010200, King, Washington","00","53","033","010200","2",,,,474,458,0,0,0,0,16,0,0,0,0
"530330102003","530330102003","530330102003, 53033010200, King, Washington","00","53","033","010200","3",,,,493,446,8,0,0,0,0,14,25,0,0
"530330102004","530330102004","530330102004, 53033010200, King, Washington","00","53","033","010200","4",,,,585,527,0,27,0,0,9,0,6,16,0
"530330103001","530330103001","530330103001, 53033010300, King, Washington","00","53","033","010300","1",,,,398,278,0,48,0,0,36,36,0,0,0
"530330103002","530330103002","530330103002, 53033010300, King, Washington","00","53","033","010300","2",,,,523,368,24,0,49,0,56,0,26,0,0
"530330103003","530330103003","530330103003, 53033010300, King, Washington","00","53","033","010300","3",,,,456,165,19,19,0,159,65,0,29,0,0
"530330103004","530330103004","530330103004, 53033010300, King, Washington","00","53","033","010300","4",,,,534,223,64,23,38,0,0,163,23,0,0
"530330103005","530330103005","530330103005, 53033010300, King, Washington","00","53","033","010300","5",,,,849,305,46,111,31,137,79,87,53,0,0
"530330104011","530330104011","530330104011, 53033010401, King, Washington","00","53","033","010401","1",,,,492,455,32,0,0,0,5,0,0,0,0
"530330104012","530330104012","530330104012, 53033010401, King, Washington","00","53","033","010401","2",,,,686,600,18,0,13,0,0,55,0,0,0
"530330104013","530330104013","530330104013, 53033010401, King, Washington","00","53","033","010401","3",,,,531,396,105,7,0,0,0,0,0,23,0
"530330104021","530330104021","530330104021, 53033010402, King, Washington","00","53","033","010402","1",,,,481,378,18,0,0,85,0,0,0,0,0
"530330104022","530330104022","530330104022, 53033010402, King, Washington","00","53","033","010402","2",,,,512,448,64,0,0,0,0,0,0,0,0
"530330104023","530330104023","530330104023, 53033010402, King, Washington","00","53","033","010402","3",,,,385,368,0,0,0,17,0,0,0,0,0
"530330104024","530330104024","530330104024, 53033010402, King, Washington","00","53","033","010402","4",,,,510,477,0,0,0,0,33,0,0,0,0
"530330105001","530330105001","530330105001, 53033010500, King, Washington","00","53","033","010500","1",,,,623,167,0,0,115,0,17,124,200,0,0
"530330105002","530330105002","530330105002, 53033010500, King, Washington","00","53","033","010500","2",,,,731,388,99,0,83,55,106,0,0,0,0
"530330105003","530330105003","530330105003, 53033010500, King, Washington","00","53","033","010500","3",,,,560,524,0,0,0,0,36,0,0,0,0
"530330105004","530330105004","530330105004, 53033010500, King, Washington","00","53","033","010500","4",,,,1161,157,90,129,21,89,23,184,460,8,0
"530330105005","530330105005","530330105005, 53033010500, King, Washington","00","53","033","010500","5",,,,943,322,0,40,0,88,95,268,130,0,0
"530330106001","530330106001","530330106001, 53033010600, King, Washington","00","53","033","010600","1",,,,771,719,0,0,0,0,32,20,0,0,0
"530330106002","530330106002","530330106002, 53033010600, King, Washington","00","53","033","010600","2",,,,651,222,63,17,14,115,88,132,0,0,0
"530330106003","530330106003","530330106003, 53033010600, King, Washington","00","53","033","010600","3",,,,1003,329,74,0,14,26,38,233,289,0,0
"530330106004","530330106004","530330106004, 53033010600, King, Washington","00","53","033","010600","4",,,,541,376,0,0,0,0,86,79,0,0,0
"530330106005","530330106005","530330106005, 53033010600, King, Washington","00","53","033","010600","5",,,,785,766,19,0,0,0,0,0,0,0,0
"530330106006","530330106006","530330106006, 53033010600, King, Washington","00","53","033","010600","6",,,,557,330,22,50,0,16,28,89,22,0,0
"530330107011","530330107011","530330107011, 53033010701, King, Washington","00","53","033","010701","1",,,,875,449,144,0,41,53,121,51,16,0,0
"530330107012","530330107012","530330107012, 53033010701, King, Washington","00","53","033","010701","2",,,,640,324,97,0,13,183,23,0,0,0,0
"530330107021","530330107021","530330107021, 53033010702, King, Washington","00","53","033","010702","1",,,,568,306,78,0,24,39,111,0,0,10,0
"530330107022","530330107022","530330107022, 53033010702, King, Washington","00","53","033","010702","2",,,,523,117,137,79,49,0,0,37,104,0,0
"530330107023","530330107023","530330107023, 53033010702, King, Washington","00","53","033","010702","3",,,,503,108,111,34,0,0,0,39,211,0,0
"530330108001","530330108001","530330108001, 53033010800, King, Washington","00","53","033","010800","1",,,,608,565,0,0,0,0,0,19,15,9,0
"530330108002","530330108002","530330108002, 53033010800, King, Washington","00","53","033","010800","2",,,,548,505,43,0,0,0,0,0,0,0,0
"530330108003","530330108003","530330108003, 53033010800, King, Washington","00","53","033","010800","3",,,,843,676,50,52,46,10,0,0,0,9,0
"530330109001","530330109001","530330109001, 53033010900, King, Washington","00","53","033","010900","1",,,,427,257,50,55,15,0,35,0,15,0,0
"530330109002","530330109002","530330109002, 53033010900, King, Washington","00","53","033","010900","2",,,,324,171,10,31,3,34,41,34,0,0,0
"530330110011","530330110011","530330110011, 53033011001, King, Washington","00","53","033","011001","1",,,,476,109,222,0,0,35,0,0,110,0,0
"530330110012","530330110012","530330110012, 53033011001, King, Washington","00","53","033","011001","2",,,,542,104,0,61,0,0,10,134,233,0,0
"530330110013","530330110013","530330110013, 53033011001, King, Washington","00","53","033","011001","3",,,,841,473,125,59,83,27,65,9,0,0,0
"530330110021","530330110021","530330110021, 53033011002, King, Washington","00","53","033","011002","1",,,,335,318,0,0,0,17,0,0,0,0,0
"530330110022","530330110022","530330110022, 53033011002, King, Washington","00","53","033","011002","2",,,,724,268,233,157,32,0,0,32,2,0,0
"530330110023","530330110023","530330110023, 53033011002, King, Washington","00","53","033","011002","3",,,,408,360,0,0,0,48,0,0,0,0,0
"530330111011","530330111011","530330111011, 53033011101, King, Washington","00","53","033","011101","1",,,,466,106,0,0,8,14,28,44,266,0,0
"530330111012","530330111012","530330111012, 53033011101, King, Washington","00","53","033","011101","2",,,,407,244,0,0,23,0,36,0,104,0,0
"530330111013","530330111013","530330111013, 53033011101, King, Washington","00","53","033","011101","3",,,,393,343,0,11,0,0,39,0,0,0,0
"530330111014","530330111014","530330111014, 53033011101, King, Washington","00","53","033","011101","4",,,,464,426,0,11,10,7,0,0,0,10,0
"530330111021","530330111021","530330111021, 53033011102, King, Washington","00","53","033","011102","1",,,,502,487,15,0,0,0,0,0,0,0,0
"530330111022","530330111022","530330111022, 53033011102, King, Washington","00","53","033","011102","2",,,,495,184,16,36,16,0,6,62,169,6,0
"530330111023","530330111023","530330111023, 53033011102, King, Washington","00","53","033","011102","3",,,,348,158,0,6,0,27,31,60,66,0,0
"530330111024","530330111024","530330111024, 53033011102, King, Washington","00","53","033","011102","4",,,,406,322,48,0,0,22,14,0,0,0,0
"530330112001","530330112001","530330112001, 53033011200, King, Washington","00","53","033","011200","1",,,,556,385,33,17,25,26,19,46,0,5,0
"530330112002","530330112002","530330112002, 53033011200, King, Washington","00","53","033","011200","2",,,,441,287,49,26,37,33,9,0,0,0,0
"530330112003","530330112003","530330112003, 53033011200, King, Washington","00","53","033","011200","3",,,,598,297,65,76,42,50,31,37,0,0,0
"530330113001","530330113001","530330113001, 53033011300, King, Washington","00","53","033","011300","1",,,,861,206,0,0,24,82,9,41,499,0,0
"530330113002","530330113002","530330113002, 53033011300, King, Washington","00","53","033","011300","2",,,,483,448,0,0,0,0,35,0,0,0,0
"530330113003","530330113003","530330113003, 53033011300, King, Washington","00","53","033","011300","3",,,,464,413,0,0,51,0,0,0,0,0,0
"530330113004","530330113004","530330113004, 53033011300, King, Washington","00","53","033","011300","4",,,,489,443,0,0,0,0,46,0,0,0,0
"530330113005","530330113005","530330113005, 53033011300, King, Washington","00","53","033","011300","5",,,,536,275,22,0,29,23,81,106,0,0,0
"530330114011","530330114011","530330114011, 53033011401, King, Washington","00","53","033","011401","1",,,,696,191,10,0,57,177,80,27,154,0,0
"530330114012","530330114012","530330114012, 53033011401, King, Washington","00","53","033","011401","2",,,,647,165,94,17,93,16,22,205,35,0,0
"530330114013","530330114013","530330114013, 53033011401, King, Washington","00","53","033","011401","3",,,,632,612,20,0,0,0,0,0,0,0,0
"530330114021","530330114021","530330114021, 53033011402, King, Washington","00","53","033","011402","1",,,,531,238,32,33,29,69,39,34,57,0,0
"530330114022","530330114022","530330114022, 53033011402, King, Washington","00","53","033","011402","2",,,,670,182,71,11,55,37,218,67,0,29,0
"530330114023","530330114023","530330114023, 53033011402, King, Washington","00","53","033","011402","3",,,,840,390,19,0,31,17,17,112,254,0,0
"530330115001","530330115001","530330115001, 53033011500, King, Washington","00","53","033","011500","1",,,,693,693,0,0,0,0,0,0,0,0,0
"530330115002","530330115002","530330115002, 53033011500, King, Washington","00","53","033","011500","2",,,,779,664,19,0,10,0,61,25,0,0,0
"530330115003","530330115003","530330115003, 53033011500, King, Washington","00","53","033","011500","3",,,,819,537,63,0,18,0,66,58,77,0,0
"530330116001","530330116001","530330116001, 53033011600, King, Washington","00","53","033","011600","1",,,,656,546,0,20,0,18,72,0,0,0,0
"530330116002","530330116002","530330116002, 53033011600, King, Washington","00","53","033","011600","2",,,,524,524,0,0,0,0,0,0,0,0,0
"530330116003","530330116003","530330116003, 53033011600, King, Washington","00","53","033","011600","3",,,,638,628,0,0,0,0,0,0,0,10,0
"530330116004","530330116004","530330116004, 53033011600, King, Washington","00","53","033","011600","4",,,,512,491,0,21,0,0,0,0,0,0,0
"530330116005","530330116005","530330116005, 53033011600, King, Washington","00","53","033","011600","5",,,,478,351,47,0,0,0,35,45,0,0,0
"530330116006","530330116006","530330116006, 53033011600, King, Washington","00","53","033","011600","6",,,,638,356,32,32,91,67,0,60,0,0,0
"530330117001","530330117001","530330117001, 53033011700, King, Washington","00","53","033","011700","1",,,,547,438,0,24,76,0,9,0,0,0,0
"530330117002","530330117002","530330117002, 53033011700, King, Washington","00","53","033","011700","2",,,,523,523,0,0,0,0,0,0,0,0,0
"530330117003","530330117003","530330117003, 53033011700, King, Washington","00","53","033","011700","3",,,,502,497,0,0,5,0,0,0,0,0,0
"530330117004","530330117004","530330117004, 53033011700, King, Washington","00","53","033","011700","4",,,,387,376,0,11,0,0,0,0,0,0,0
"530330118001","530330118001","530330118001, 53033011800, King, Washington","00","53","033","011800","1",,,,462,232,14,12,5,16,0,30,145,0,8
"530330118002","530330118002","530330118002, 53033011800, King, Washington","00","53","033","011800","2",,,,447,353,0,20,0,0,0,0,74,0,0
"530330118003","530330118003","530330118003, 53033011800, King, Washington","00","53","033","011800","3",,,,431,431,0,0,0,0,0,0,0,0,0
"530330118004","530330118004","530330118004, 53033011800, King, Washington","00","53","033","011800","4",,,,494,120,37,73,82,26,12,48,96,0,0
"530330118005","530330118005","530330118005, 53033011800, King, Washington","00","53","033","011800","5",,,,430,370,0,0,14,0,18,28,0,0,0
"530330118006","530330118006","530330118006, 53033011800, King, Washington","00","53","033","011800","6",,,,895,218,0,0,99,91,81,284,100,22,0
"530330119001","530330119001","530330119001, 53033011900, King, Washington","00","53","033","011900","1",,,,610,595,0,0,0,15,0,0,0,0,0
"530330119002","530330119002","530330119002, 53033011900, King, Washington","00","53","033","011900","2",,,,684,665,19,0,0,0,0,0,0,0,0
"530330119003","530330119003","530330119003, 53033011900, King, Washington","00","53","033","011900","3",,,,476,383,0,0,0,0,0,77,0,0,16
"530330119004","530330119004","530330119004, 53033011900, King, Washington","00","53","033","011900","4",,,,532,513,19,0,0,0,0,0,0,0,0
"530330119005","530330119005","530330119005, 53033011900, King, Washington","00","53","033","011900","5",,,,587,532,0,0,55,0,0,0,0,0,0
"530330120001","530330120001","530330120001, 53033012000, King, Washington","00","53","033","012000","1",,,,608,529,14,14,0,0,0,51,0,0,0
"530330120002","530330120002","530330120002, 53033012000, King, Washington","00","53","033","012000","2",,,,571,571,0,0,0,0,0,0,0,0,0
"530330120003","530330120003","530330120003, 53033012000, King, Washington","00","53","033","012000","3",,,,553,521,0,0,0,0,0,32,0,0,0
"530330121001","530330121001","530330121001, 53033012100, King, Washington","00","53","033","012100","1",,,,613,444,14,22,0,12,61,18,34,8,0
"530330121002","530330121002","530330121002, 53033012100, King, Washington","00","53","033","012100","2",,,,766,749,0,0,0,0,0,17,0,0,0
"530330263001","530330263001","530330263001, 53033026300, King, Washington","00","53","033","026300","1",,,,173,104,1,0,35,0,0,4,29,0,0
"530330264001","530330264001","530330264001, 53033026400, King, Washington","00","53","033","026400","1",,,,311,106,39,0,21,0,33,112,0,0,0
