Geo_FIPS,Geo_NAME,Geo_QNAME,Geo_NATION,Geo_STATE,Geo_COUNTY,Geo_CT,Geo_BG,Geo_CITY,Geo_MSAMSA,Geo_ZC,ORG_TRANSPORT1,ORG_VEHPURCH,ORG_GAS,ORG_OTHRVEH,ORG_PUBTRANS
"530330001001","530330001001","530330001001, 53033000100, King, Washington","00","53","033","000100","1",,,,9070.5,3665.4,1571.8,2813.7,1078
"530330001002","530330001002","530330001002, 53033000100, King, Washington","00","53","033","000100","2",,,,6420.2,2515,1315.6,2097.2,499.2
"530330001003","530330001003","530330001003, 53033000100, King, Washington","00","53","033","000100","3",,,,8816.8,3468.3,1670.2,2822.8,883
"530330001004","530330001004","530330001004, 53033000100, King, Washington","00","53","033","000100","4",,,,7684.5,2978,1605.8,2551.4,556.4
"530330001005","530330001005","530330001005, 53033000100, King, Washington","00","53","033","000100","5",,,,6597.7,2549.5,1273.4,2115.2,629.3
"530330002001","530330002001","530330002001, 53033000200, King, Washington","00","53","033","000200","1",,,,6296.6,2527.6,1178.3,1984.7,615
"530330002002","530330002002","530330002002, 53033000200, King, Washington","00","53","033","000200","2",,,,7140.4,2821.9,1385.9,2242.6,687.9
"530330002003","530330002003","530330002003, 53033000200, King, Washington","00","53","033","000200","3",,,,10392.9,4064.7,1970.8,3313.4,1037.3
"530330002004","530330002004","530330002004, 53033000200, King, Washington","00","53","033","000200","4",,,,6827.2,2713.3,1317.1,2173.2,580.1
"530330002005","530330002005","530330002005, 53033000200, King, Washington","00","53","033","000200","5",,,,8420.4,3330,1615.9,2679.8,803.7
"530330002006","530330002006","530330002006, 53033000200, King, Washington","00","53","033","000200","6",,,,8558.3,3473,1534.3,2674.6,886.1
"530330003001","530330003001","530330003001, 53033000300, King, Washington","00","53","033","000300","1",,,,7104.3,2860.8,1331.2,2235.9,666.1
"530330003002","530330003002","530330003002, 53033000300, King, Washington","00","53","033","000300","2",,,,8475.6,3371.6,1592.4,2695.9,812.8
"530330004011","530330004011","530330004011, 53033000401, King, Washington","00","53","033","000401","1",,,,16633.5,6460.9,3345.9,5406.8,1417.3
"530330004012","530330004012","530330004012, 53033000401, King, Washington","00","53","033","000401","2",,,,9202,3686.1,1724.9,2923.9,870.1
"530330004013","530330004013","530330004013, 53033000401, King, Washington","00","53","033","000401","3",,,,9572.6,3735.1,1919,3109.5,771.2
"530330004021","530330004021","530330004021, 53033000402, King, Washington","00","53","033","000402","1",,,,6423.2,2564.8,1247.4,2053.9,570.5
"530330004022","530330004022","530330004022, 53033000402, King, Washington","00","53","033","000402","2",,,,5323.1,2144.7,1044.1,1702.4,418.7
"530330004023","530330004023","530330004023, 53033000402, King, Washington","00","53","033","000402","3",,,,7848.6,3135.7,1486.9,2520.5,719.5
"530330004024","530330004024","530330004024, 53033000402, King, Washington","00","53","033","000402","4",,,,10088.4,4050.4,1941,3258.3,778.1
"530330005001","530330005001","530330005001, 53033000500, King, Washington","00","53","033","000500","1",,,,8944,3626.4,1522.4,2785.2,1086.5
"530330005002","530330005002","530330005002, 53033000500, King, Washington","00","53","033","000500","2",,,,6044.2,2434.9,1051,1883.8,722.2
"530330005003","530330005003","530330005003, 53033000500, King, Washington","00","53","033","000500","3",,,,6873.4,2824.9,1235.5,2145.5,691.5
"530330006001","530330006001","530330006001, 53033000600, King, Washington","00","53","033","000600","1",,,,7792.6,3116.1,1476.2,2439.2,743
"530330006002","530330006002","530330006002, 53033000600, King, Washington","00","53","033","000600","2",,,,7270.6,2845.4,1393.9,2331.5,729.9
"530330006003","530330006003","530330006003, 53033000600, King, Washington","00","53","033","000600","3",,,,8525.3,3400,1608.5,2702.6,841.4
"530330006004","530330006004","530330006004, 53033000600, King, Washington","00","53","033","000600","4",,,,10082.5,3942.1,1850.7,3174.6,1125.1
"530330006005","530330006005","530330006005, 53033000600, King, Washington","00","53","033","000600","5",,,,4691.5,1849.3,829.7,1467.5,600.4
"530330006006","530330006006","530330006006, 53033000600, King, Washington","00","53","033","000600","6",,,,8482.5,3334.7,1557.6,2659.4,920.8
"530330007001","530330007001","530330007001, 53033000700, King, Washington","00","53","033","000700","1",,,,10110.7,3946.1,1969.7,3244.8,943.2
"530330007002","530330007002","530330007002, 53033000700, King, Washington","00","53","033","000700","2",,,,6627,2618.5,1279.5,2110.1,613.7
"530330007003","530330007003","530330007003, 53033000700, King, Washington","00","53","033","000700","3",,,,6256.6,2481.8,1117.8,1952.9,731.7
"530330007004","530330007004","530330007004, 53033000700, King, Washington","00","53","033","000700","4",,,,5442.1,2201.9,1024.4,1725.1,487.3
"530330008001","530330008001","530330008001, 53033000800, King, Washington","00","53","033","000800","1",,,,6793.4,2740,1257.5,2130.3,667.1
"530330008002","530330008002","530330008002, 53033000800, King, Washington","00","53","033","000800","2",,,,8363.9,3383.7,1543.6,2636.2,817.7
"530330009001","530330009001","530330009001, 53033000900, King, Washington","00","53","033","000900","1",,,,7289.2,2960,1305.7,2273.4,772
"530330009002","530330009002","530330009002, 53033000900, King, Washington","00","53","033","000900","2",,,,6619,2685.7,1153.5,2055.1,760.9
"530330010001","530330010001","530330010001, 53033001000, King, Washington","00","53","033","001000","1",,,,5231.1,2061,984.7,1675,510.9
"530330010002","530330010002","530330010002, 53033001000, King, Washington","00","53","033","001000","2",,,,5839.2,2342.5,1083.6,1836.4,591.5
"530330011001","530330011001","530330011001, 53033001100, King, Washington","00","53","033","001100","1",,,,8118.2,3241,1473,2546.1,901.4
"530330011002","530330011002","530330011002, 53033001100, King, Washington","00","53","033","001100","2",,,,8221,3311,1478.3,2590.4,880.7
"530330012001","530330012001","530330012001, 53033001200, King, Washington","00","53","033","001200","1",,,,7562.9,3071.7,1394.6,2377,740
"530330012002","530330012002","530330012002, 53033001200, King, Washington","00","53","033","001200","2",,,,6688.6,2603.4,1295.5,2124.7,665.8
"530330012003","530330012003","530330012003, 53033001200, King, Washington","00","53","033","001200","3",,,,9925.2,3851.8,1996.1,3247.2,783.2
"530330012004","530330012004","530330012004, 53033001200, King, Washington","00","53","033","001200","4",,,,6946.3,2693.7,1399.5,2238,590.3
"530330012005","530330012005","530330012005, 53033001200, King, Washington","00","53","033","001200","5",,,,8600,3341.7,1731.1,2775.1,745
"530330013001","530330013001","530330013001, 53033001300, King, Washington","00","53","033","001300","1",,,,10630.8,4194.4,2009.6,3353.1,1088.4
"530330013002","530330013002","530330013002, 53033001300, King, Washington","00","53","033","001300","2",,,,8063.5,3194.4,1564.7,2568,718
"530330013003","530330013003","530330013003, 53033001300, King, Washington","00","53","033","001300","3",,,,8659.6,3422.5,1696.1,2783.1,752.4
"530330014001","530330014001","530330014001, 53033001400, King, Washington","00","53","033","001400","1",,,,7032.6,2843.6,1335.1,2235.7,611.3
"530330014002","530330014002","530330014002, 53033001400, King, Washington","00","53","033","001400","2",,,,6911.3,2834.5,1295.7,2196.6,568.6
"530330014003","530330014003","530330014003, 53033001400, King, Washington","00","53","033","001400","3",,,,8537.4,3426.5,1631.3,2734.4,745.3
"530330014004","530330014004","530330014004, 53033001400, King, Washington","00","53","033","001400","4",,,,9694.4,3976.5,1710.9,3025.4,1004.2
"530330015001","530330015001","530330015001, 53033001500, King, Washington","00","53","033","001500","1",,,,8370,3467.4,1481.1,2608.2,825.1
"530330015002","530330015002","530330015002, 53033001500, King, Washington","00","53","033","001500","2",,,,9285.3,3796.1,1636.2,2913.7,977.7
"530330016001","530330016001","530330016001, 53033001600, King, Washington","00","53","033","001600","1",,,,9016.9,3720.2,1612.9,2822.1,886.1
"530330016002","530330016002","530330016002, 53033001600, King, Washington","00","53","033","001600","2",,,,9322.8,3792.5,1639,2909.8,1017.7
"530330016003","530330016003","530330016003, 53033001600, King, Washington","00","53","033","001600","3",,,,10026.2,4042.1,1867.3,3193.2,928.1
"530330017011","530330017011","530330017011, 53033001701, King, Washington","00","53","033","001701","1",,,,11462.2,4533.7,2156.3,3654.2,1128.1
"530330017012","530330017012","530330017012, 53033001701, King, Washington","00","53","033","001701","2",,,,8745,3547.1,1592.3,2756.3,855.2
"530330017013","530330017013","530330017013, 53033001701, King, Washington","00","53","033","001701","3",,,,7299.9,2933,1350.6,2307.9,739.2
"530330017021","530330017021","530330017021, 53033001702, King, Washington","00","53","033","001702","1",,,,8803.8,3491.6,1703.9,2818.9,784.7
"530330017022","530330017022","530330017022, 53033001702, King, Washington","00","53","033","001702","2",,,,6446,2636.1,1217.2,2036,557.9
"530330017023","530330017023","530330017023, 53033001702, King, Washington","00","53","033","001702","3",,,,5693.4,2318.1,1071.6,1801.2,505.3
"530330017024","530330017024","530330017024, 53033001702, King, Washington","00","53","033","001702","4",,,,5594.8,2276.5,1030.1,1754.4,548.9
"530330018001","530330018001","530330018001, 53033001800, King, Washington","00","53","033","001800","1",,,,9549.4,3791.3,1736,2998.5,1060.1
"530330018002","530330018002","530330018002, 53033001800, King, Washington","00","53","033","001800","2",,,,10705.4,4315.3,1982.8,3384.2,1016.9
"530330018003","530330018003","530330018003, 53033001800, King, Washington","00","53","033","001800","3",,,,10983.9,4401.1,2023.7,3474.4,1081.9
"530330019001","530330019001","530330019001, 53033001900, King, Washington","00","53","033","001900","1",,,,10223.5,4001,1944.9,3232.2,1045.5
"530330019002","530330019002","530330019002, 53033001900, King, Washington","00","53","033","001900","2",,,,8812.7,3598,1597.2,2759.3,911.1
"530330019003","530330019003","530330019003, 53033001900, King, Washington","00","53","033","001900","3",,,,8123.8,3267.4,1470.8,2538.2,863.3
"530330020001","530330020001","530330020001, 53033002000, King, Washington","00","53","033","002000","1",,,,10756.4,4337.4,1987.6,3395.7,1060.2
"530330020002","530330020002","530330020002, 53033002000, King, Washington","00","53","033","002000","2",,,,6616.9,2683.7,1228.1,2086.8,625.1
"530330020003","530330020003","530330020003, 53033002000, King, Washington","00","53","033","002000","3",,,,6392.7,2613.3,1150.8,2004.6,646.2
"530330021001","530330021001","530330021001, 53033002100, King, Washington","00","53","033","002100","1",,,,10066,4145.5,1805.6,3141,981.3
"530330021002","530330021002","530330021002, 53033002100, King, Washington","00","53","033","002100","2",,,,6173,2480,1120.2,1939.2,633.4
"530330021003","530330021003","530330021003, 53033002100, King, Washington","00","53","033","002100","3",,,,9887.9,3960.3,1802.6,3108.8,1058.2
"530330022001","530330022001","530330022001, 53033002200, King, Washington","00","53","033","002200","1",,,,10109.4,4110.2,1776,3138.3,1119.7
"530330022002","530330022002","530330022002, 53033002200, King, Washington","00","53","033","002200","2",,,,9230.1,3754.5,1650.6,2878.1,980.8
"530330022003","530330022003","530330022003, 53033002200, King, Washington","00","53","033","002200","3",,,,9246.4,3679.9,1574.1,2880.7,1218.3
"530330022004","530330022004","530330022004, 53033002200, King, Washington","00","53","033","002200","4",,,,7981.3,3228.5,1390.2,2473,931.4
"530330024001","530330024001","530330024001, 53033002400, King, Washington","00","53","033","002400","1",,,,6228.1,2560.1,1127.7,1949.6,597.3
"530330024002","530330024002","530330024002, 53033002400, King, Washington","00","53","033","002400","2",,,,5818.6,2308.9,1046.1,1820.9,682
"530330024003","530330024003","530330024003, 53033002400, King, Washington","00","53","033","002400","3",,,,8167.4,3311,1438.8,2535.9,925.5
"530330025001","530330025001","530330025001, 53033002500, King, Washington","00","53","033","002500","1",,,,9981.2,4030.9,1758.6,3119.8,1124.3
"530330025002","530330025002","530330025002, 53033002500, King, Washington","00","53","033","002500","2",,,,10011.2,4008.3,1762.2,3140.6,1184.1
"530330026001","530330026001","530330026001, 53033002600, King, Washington","00","53","033","002600","1",,,,7130.5,2893.1,1296.2,2240.4,716.7
"530330026002","530330026002","530330026002, 53033002600, King, Washington","00","53","033","002600","2",,,,9191.4,3775.7,1607.7,2859,993
"530330026003","530330026003","530330026003, 53033002600, King, Washington","00","53","033","002600","3",,,,9636.4,3860.6,1680.8,3009.5,1179.4
"530330026004","530330026004","530330026004, 53033002600, King, Washington","00","53","033","002600","4",,,,6556.7,2676.4,1172.5,2052.5,677.6
"530330027001","530330027001","530330027001, 53033002700, King, Washington","00","53","033","002700","1",,,,9484.9,3856.6,1732.6,2987.4,927.5
"530330027002","530330027002","530330027002, 53033002700, King, Washington","00","53","033","002700","2",,,,9352.6,3821.1,1616.6,2909.2,1052
"530330027003","530330027003","530330027003, 53033002700, King, Washington","00","53","033","002700","3",,,,7530.9,3046.8,1338.2,2356.6,822.3
"530330027004","530330027004","530330027004, 53033002700, King, Washington","00","53","033","002700","4",,,,10598.7,4261.4,1844.9,3314.6,1254.5
"530330028001","530330028001","530330028001, 53033002800, King, Washington","00","53","033","002800","1",,,,8405.3,3452.6,1518.5,2640.2,810.7
"530330028002","530330028002","530330028002, 53033002800, King, Washington","00","53","033","002800","2",,,,5957.8,2443,1142.4,1891.4,469.2
"530330028003","530330028003","530330028003, 53033002800, King, Washington","00","53","033","002800","3",,,,7175.3,2903.7,1347.7,2278.2,658.6
"530330028004","530330028004","530330028004, 53033002800, King, Washington","00","53","033","002800","4",,,,9196.5,3765.7,1705,2897.3,858.1
"530330029001","530330029001","530330029001, 53033002900, King, Washington","00","53","033","002900","1",,,,8956.2,3691.2,1666.9,2824.2,786.7
"530330029002","530330029002","530330029002, 53033002900, King, Washington","00","53","033","002900","2",,,,10289.3,4248.9,1830,3212.9,1037.6
"530330029003","530330029003","530330029003, 53033002900, King, Washington","00","53","033","002900","3",,,,10065.4,4171.4,1787,3143.7,994
"530330030001","530330030001","530330030001, 53033003000, King, Washington","00","53","033","003000","1",,,,11739.1,4812.6,2098.1,3692.1,1174.5
"530330030002","530330030002","530330030002, 53033003000, King, Washington","00","53","033","003000","2",,,,8837,3632.7,1625.1,2783.3,805.7
"530330030003","530330030003","530330030003, 53033003000, King, Washington","00","53","033","003000","3",,,,9436,3905.4,1758,2980.7,778.1
"530330030004","530330030004","530330030004, 53033003000, King, Washington","00","53","033","003000","4",,,,9226.4,3801.5,1640.3,2879,949.7
"530330031001","530330031001","530330031001, 53033003100, King, Washington","00","53","033","003100","1",,,,7672.9,3158.2,1382.6,2407.6,748.2
"530330031002","530330031002","530330031002, 53033003100, King, Washington","00","53","033","003100","2",,,,7873.5,3287.9,1451.7,2473.1,667.2
"530330031003","530330031003","530330031003, 53033003100, King, Washington","00","53","033","003100","3",,,,8366.7,3422.8,1512,2633.4,820.9
"530330031004","530330031004","530330031004, 53033003100, King, Washington","00","53","033","003100","4",,,,9980.8,4119.1,1734.9,3110,1057.6
"530330031005","530330031005","530330031005, 53033003100, King, Washington","00","53","033","003100","5",,,,9377.9,3868.1,1661.2,2924.9,960.2
"530330032001","530330032001","530330032001, 53033003200, King, Washington","00","53","033","003200","1",,,,6584.4,2705.5,1235.2,2092.3,539.8
"530330032002","530330032002","530330032002, 53033003200, King, Washington","00","53","033","003200","2",,,,8522.6,3457.1,1631.9,2729,683.5
"530330032003","530330032003","530330032003, 53033003200, King, Washington","00","53","033","003200","3",,,,9342.8,3774,1746,2982.7,846.2
"530330032004","530330032004","530330032004, 53033003200, King, Washington","00","53","033","003200","4",,,,8976.9,3615.1,1723.9,2892,768.2
"530330032005","530330032005","530330032005, 53033003200, King, Washington","00","53","033","003200","5",,,,5036,2092.3,915.7,1586.5,436.8
"530330032006","530330032006","530330032006, 53033003200, King, Washington","00","53","033","003200","6",,,,10797.8,4442.2,2038.3,3419,888.3
"530330032007","530330032007","530330032007, 53033003200, King, Washington","00","53","033","003200","7",,,,7911.5,3249,1421.6,2484,771.4
"530330033001","530330033001","530330033001, 53033003300, King, Washington","00","53","033","003300","1",,,,8493.6,3539.7,1565.9,2664.8,699.9
"530330033002","530330033002","530330033002, 53033003300, King, Washington","00","53","033","003300","2",,,,7706.9,3170.1,1419.6,2435,687.6
"530330033003","530330033003","530330033003, 53033003300, King, Washington","00","53","033","003300","3",,,,12741.9,5138.6,2442.4,4081.8,1030.4
"530330033004","530330033004","530330033004, 53033003300, King, Washington","00","53","033","003300","4",,,,8944,3626.6,1658.1,2838.8,807.2
"530330033005","530330033005","530330033005, 53033003300, King, Washington","00","53","033","003300","5",,,,6851.4,2818.6,1269.9,2161.9,603
"530330034001","530330034001","530330034001, 53033003400, King, Washington","00","53","033","003400","1",,,,8120.3,3313,1440.6,2555,843.7
"530330034002","530330034002","530330034002, 53033003400, King, Washington","00","53","033","003400","2",,,,8379.3,3441.2,1509,2636,800
"530330034003","530330034003","530330034003, 53033003400, King, Washington","00","53","033","003400","3",,,,7188.4,2927.7,1305.1,2282.6,688
"530330035001","530330035001","530330035001, 53033003500, King, Washington","00","53","033","003500","1",,,,10301.2,4212.3,1851.2,3235.8,1043.6
"530330035002","530330035002","530330035002, 53033003500, King, Washington","00","53","033","003500","2",,,,10014,4081.9,1821.3,3170.1,975.1
"530330035003","530330035003","530330035003, 53033003500, King, Washington","00","53","033","003500","3",,,,7629.9,3110.8,1404.5,2420.8,686.8
"530330036001","530330036001","530330036001, 53033003600, King, Washington","00","53","033","003600","1",,,,8897,3561.2,1672.1,2820.1,862.5
"530330036002","530330036002","530330036002, 53033003600, King, Washington","00","53","033","003600","2",,,,11036.8,4381,2045.4,3519.6,1114.8
"530330036003","530330036003","530330036003, 53033003600, King, Washington","00","53","033","003600","3",,,,8883.8,3623.1,1582.8,2771.4,934.5
"530330036004","530330036004","530330036004, 53033003600, King, Washington","00","53","033","003600","4",,,,15296.3,6079.2,2831.8,4859.5,1518.1
"530330038001","530330038001","530330038001, 53033003800, King, Washington","00","53","033","003800","1",,,,8044.1,3222.2,1440.7,2535.3,898.7
"530330038002","530330038002","530330038002, 53033003800, King, Washington","00","53","033","003800","2",,,,6395.2,2545.3,1125.7,1990.6,784.2
"530330039001","530330039001","530330039001, 53033003900, King, Washington","00","53","033","003900","1",,,,10692.8,4306.2,1930.6,3333.9,1155.5
"530330039002","530330039002","530330039002, 53033003900, King, Washington","00","53","033","003900","2",,,,7410,2981.4,1279.6,2298.1,924.7
"530330040001","530330040001","530330040001, 53033004000, King, Washington","00","53","033","004000","1",,,,12893.1,5142.5,2367.8,4076.7,1364.8
"530330040002","530330040002","530330040002, 53033004000, King, Washington","00","53","033","004000","2",,,,6169.1,2495.3,1040,1903.2,813.8
"530330041001","530330041001","530330041001, 53033004100, King, Washington","00","53","033","004100","1",,,,9271,3674.8,1705.2,2877.3,1028.1
"530330041002","530330041002","530330041002, 53033004100, King, Washington","00","53","033","004100","2",,,,11359.8,4559.9,1925.5,3517.6,1500.5
"530330041003","530330041003","530330041003, 53033004100, King, Washington","00","53","033","004100","3",,,,9071.8,3675.6,1556.6,2819.2,1128.6
"530330041004","530330041004","530330041004, 53033004100, King, Washington","00","53","033","004100","4",,,,8314.4,3344.7,1457.6,2597.4,978.4
"530330041005","530330041005","530330041005, 53033004100, King, Washington","00","53","033","004100","5",,,,6297.1,2491.7,1117.9,1963.4,832.1
"530330041006","530330041006","530330041006, 53033004100, King, Washington","00","53","033","004100","6",,,,6027.5,2431.1,1000.8,1869.5,801.1
"530330042001","530330042001","530330042001, 53033004200, King, Washington","00","53","033","004200","1",,,,11348.5,4557.7,1947.7,3528.6,1442.4
"530330042002","530330042002","530330042002, 53033004200, King, Washington","00","53","033","004200","2",,,,9756.7,3923.5,1775.5,3071.6,1041.6
"530330042003","530330042003","530330042003, 53033004200, King, Washington","00","53","033","004200","3",,,,10565.4,4231.9,1896.2,3305.2,1184.2
"530330042004","530330042004","530330042004, 53033004200, King, Washington","00","53","033","004200","4",,,,9655.8,3934.1,1694.4,3004.3,1080.4
"530330042005","530330042005","530330042005, 53033004200, King, Washington","00","53","033","004200","5",,,,9588,3936.3,1681.6,2980.4,1036.4
"530330043011","530330043011","530330043011, 53033004301, King, Washington","00","53","033","004301","1",,,,5666.1,2216.3,1099.3,1785,568.6
"530330043012","530330043012","530330043012, 53033004301, King, Washington","00","53","033","004301","2",,,,7608,3098.2,1392.7,2389.4,746.8
"530330043013","530330043013","530330043013, 53033004301, King, Washington","00","53","033","004301","3",,,,7977.9,3190.8,1376.6,2509,971.8
"530330043021","530330043021","530330043021, 53033004302, King, Washington","00","53","033","004302","1",,,,6599.8,2559,1348.4,2079.4,621
"530330043022","530330043022","530330043022, 53033004302, King, Washington","00","53","033","004302","2",,,,7963.5,3047.5,1617.7,2556.4,714
"530330044001","530330044001","530330044001, 53033004400, King, Washington","00","53","033","004400","1",,,,7275.1,2900.5,1289.7,2275.3,887.6
"530330044002","530330044002","530330044002, 53033004400, King, Washington","00","53","033","004400","2",,,,10205.9,4067.2,1870.7,3219.1,1093.9
"530330044003","530330044003","530330044003, 53033004400, King, Washington","00","53","033","004400","3",,,,5544.6,2223.3,1065,1755,489.3
"530330044004","530330044004","530330044004, 53033004400, King, Washington","00","53","033","004400","4",,,,8839.5,3447.9,1770.3,2824.8,753.9
"530330045001","530330045001","530330045001, 53033004500, King, Washington","00","53","033","004500","1",,,,5806.2,2353.8,1047.5,1827,602.2
"530330045002","530330045002","530330045002, 53033004500, King, Washington","00","53","033","004500","2",,,,10365.8,4216.8,1815.1,3250.7,1145.4
"530330046001","530330046001","530330046001, 53033004600, King, Washington","00","53","033","004600","1",,,,7591.6,3065.2,1342.6,2378.7,856
"530330046002","530330046002","530330046002, 53033004600, King, Washington","00","53","033","004600","2",,,,9386.6,3843,1671,2941.9,973.9
"530330046003","530330046003","530330046003, 53033004600, King, Washington","00","53","033","004600","3",,,,5555.1,2259.2,979.7,1736.9,626.7
"530330047001","530330047001","530330047001, 53033004700, King, Washington","00","53","033","004700","1",,,,8138.4,3289,1512.9,2602.8,736.4
"530330047002","530330047002","530330047002, 53033004700, King, Washington","00","53","033","004700","2",,,,9522.8,3846.2,1817.1,3044.7,812.3
"530330047003","530330047003","530330047003, 53033004700, King, Washington","00","53","033","004700","3",,,,19805.2,7980.9,3705,6310.7,1787.9
"530330047004","530330047004","530330047004, 53033004700, King, Washington","00","53","033","004700","4",,,,17358.2,6978,3248.2,5550.7,1559.7
"530330048001","530330048001","530330048001, 53033004800, King, Washington","00","53","033","004800","1",,,,7811.2,3192.3,1381.7,2443,831.7
"530330048002","530330048002","530330048002, 53033004800, King, Washington","00","53","033","004800","2",,,,10166.9,4121.7,1783.4,3196.1,1107.8
"530330048003","530330048003","530330048003, 53033004800, King, Washington","00","53","033","004800","3",,,,7786.1,3175.6,1489.1,2485.4,622.6
"530330048004","530330048004","530330048004, 53033004800, King, Washington","00","53","033","004800","4",,,,7681.3,3154.2,1411.4,2423.8,699.4
"530330049001","530330049001","530330049001, 53033004900, King, Washington","00","53","033","004900","1",,,,8796.6,3512.2,1615.3,2803.1,912
"530330049002","530330049002","530330049002, 53033004900, King, Washington","00","53","033","004900","2",,,,8487.5,3401,1635.4,2735,666.5
"530330049003","530330049003","530330049003, 53033004900, King, Washington","00","53","033","004900","3",,,,11395.7,4583.3,2044.3,3594.8,1212.4
"530330049004","530330049004","530330049004, 53033004900, King, Washington","00","53","033","004900","4",,,,10167.4,4137.4,1895.4,3231.2,887.3
"530330049005","530330049005","530330049005, 53033004900, King, Washington","00","53","033","004900","5",,,,10376,4176,1967.5,3305,939.6
"530330050001","530330050001","530330050001, 53033005000, King, Washington","00","53","033","005000","1",,,,9772.7,3932.1,1793.5,3087.6,995.5
"530330050002","530330050002","530330050002, 53033005000, King, Washington","00","53","033","005000","2",,,,7798.8,3134.4,1378.2,2447.3,880.1
"530330050003","530330050003","530330050003, 53033005000, King, Washington","00","53","033","005000","3",,,,9078.5,3607.8,1760.1,2940.6,742.4
"530330051001","530330051001","530330051001, 53033005100, King, Washington","00","53","033","005100","1",,,,9057.5,3653,1663.9,2858,917.7
"530330051002","530330051002","530330051002, 53033005100, King, Washington","00","53","033","005100","2",,,,9028.4,3696,1535.7,2804.1,1056.2
"530330051003","530330051003","530330051003, 53033005100, King, Washington","00","53","033","005100","3",,,,7762.8,3112.9,1364.1,2438.8,936.5
"530330052001","530330052001","530330052001, 53033005200, King, Washington","00","53","033","005200","1",,,,4681.5,1780.8,926.5,1463.9,475.2
"530330052002","530330052002","530330052002, 53033005200, King, Washington","00","53","033","005200","2",,,,5992,2257.2,1178.5,1867.1,664.7
"530330052003","530330052003","530330052003, 53033005200, King, Washington","00","53","033","005200","3",,,,6502.7,2611.7,1212.8,2046.7,655.1
"530330052004","530330052004","530330052004, 53033005200, King, Washington","00","53","033","005200","4",,,,9486.9,3782.4,1670.6,2975.9,1131.9
"530330052005","530330052005","530330052005, 53033005200, King, Washington","00","53","033","005200","5",,,,7916,3007.3,1544.1,2474.5,881.2
"530330053011","530330053011","530330053011, 53033005301, King, Washington","00","53","033","005301","1",,,,4013.1,1534.7,813.7,1268.3,394.4
"530330053012","530330053012","530330053012, 53033005301, King, Washington","00","53","033","005301","2",,,,10180.1,3851.6,2002.6,3187.3,1115.3
"530330053013","530330053013","530330053013, 53033005301, King, Washington","00","53","033","005301","3",,,,7467.1,2820.5,1500.2,2355.1,775.4
"530330053014","530330053014","530330053014, 53033005301, King, Washington","00","53","033","005301","4",,,,5159.5,1917,1036.6,1592.4,601.6
"530330053021","530330053021","530330053021, 53033005302, King, Washington","00","53","033","005302","1",,,,1749.4,656.5,336,539.3,237.9
"530330053022","530330053022","530330053022, 53033005302, King, Washington","00","53","033","005302","2",,,,161.4,64.4,29,51.7,15.9
"530330053023","530330053023","530330053023, 53033005302, King, Washington","00","53","033","005302","3",,,,23.3,8.7,4.1,7.3,3
"530330054001","530330054001","530330054001, 53033005400, King, Washington","00","53","033","005400","1",,,,8257.6,3391.8,1449.8,2571.7,868.4
"530330054002","530330054002","530330054002, 53033005400, King, Washington","00","53","033","005400","2",,,,11573.6,4658.2,2115.8,3657.7,1145
"530330054003","530330054003","530330054003, 53033005400, King, Washington","00","53","033","005400","3",,,,8747.8,3509.9,1635.5,2782.3,822.5
"530330054004","530330054004","530330054004, 53033005400, King, Washington","00","53","033","005400","4",,,,9794.9,3923.1,1845.6,3112.7,889.5
"530330056001","530330056001","530330056001, 53033005600, King, Washington","00","53","033","005600","1",,,,9461.4,3836.9,1600.8,2938.6,1172.3
"530330056002","530330056002","530330056002, 53033005600, King, Washington","00","53","033","005600","2",,,,9185.3,3738.5,1557.4,2864.9,1101.4
"530330056003","530330056003","530330056003, 53033005600, King, Washington","00","53","033","005600","3",,,,9035.4,3661.5,1524.1,2817.3,1109.1
"530330056004","530330056004","530330056004, 53033005600, King, Washington","00","53","033","005600","4",,,,9007.1,3660.4,1523.8,2802.1,1110.4
"530330056005","530330056005","530330056005, 53033005600, King, Washington","00","53","033","005600","5",,,,9539.6,3873.4,1672.4,2975.9,1085.8
"530330057001","530330057001","530330057001, 53033005700, King, Washington","00","53","033","005700","1",,,,3204.7,1288,552.9,995.8,394.1
"530330057002","530330057002","530330057002, 53033005700, King, Washington","00","53","033","005700","2",,,,8174.2,3329.2,1422.2,2549.4,924.6
"530330057003","530330057003","530330057003, 53033005700, King, Washington","00","53","033","005700","3",,,,6560.3,2689.9,1163.5,2049.9,671.1
"530330057004","530330057004","530330057004, 53033005700, King, Washington","00","53","033","005700","4",,,,8061.7,3273.1,1423.3,2511.1,880.6
"530330057005","530330057005","530330057005, 53033005700, King, Washington","00","53","033","005700","5",,,,7657.2,3091.3,1393.4,2417.9,799.1
"530330057006","530330057006","530330057006, 53033005700, King, Washington","00","53","033","005700","6",,,,9978.4,4029.6,1808.2,3143.6,1028.9
"530330058011","530330058011","530330058011, 53033005801, King, Washington","00","53","033","005801","1",,,,7751.5,3136,1446.6,2456.2,700.5
"530330058012","530330058012","530330058012, 53033005801, King, Washington","00","53","033","005801","2",,,,10356.9,4162,1984.3,3317.6,867.6
"530330058013","530330058013","530330058013, 53033005801, King, Washington","00","53","033","005801","3",,,,9373.3,3803.3,1698.7,2969.2,919.7
"530330058014","530330058014","530330058014, 53033005801, King, Washington","00","53","033","005801","4",,,,7775.4,3133,1468.1,2480.1,686.8
"530330058021","530330058021","530330058021, 53033005802, King, Washington","00","53","033","005802","1",,,,10287.8,4169.2,1907.9,3251.2,959.2
"530330058022","530330058022","530330058022, 53033005802, King, Washington","00","53","033","005802","2",,,,13226.5,5350.1,2489.9,4229.2,1134.8
"530330058023","530330058023","530330058023, 53033005802, King, Washington","00","53","033","005802","3",,,,12293.6,4962,2239.6,3884.9,1226.1
"530330059001","530330059001","530330059001, 53033005900, King, Washington","00","53","033","005900","1",,,,9978.1,3999.7,1884.2,3196.4,887.3
"530330059002","530330059002","530330059002, 53033005900, King, Washington","00","53","033","005900","2",,,,9382.7,3808.5,1618.4,2923.7,1112.1
"530330059003","530330059003","530330059003, 53033005900, King, Washington","00","53","033","005900","3",,,,2046.1,848.1,394.9,648,155.9
"530330059004","530330059004","530330059004, 53033005900, King, Washington","00","53","033","005900","4",,,,10516.5,4240.3,1874.5,3315.6,1143.2
"530330059005","530330059005","530330059005, 53033005900, King, Washington","00","53","033","005900","5",,,,7904.4,3197.6,1379,2468.1,930.9
"530330060001","530330060001","530330060001, 53033006000, King, Washington","00","53","033","006000","1",,,,12790.1,5109.4,2337.9,4078.5,1255.9
"530330060002","530330060002","530330060002, 53033006000, King, Washington","00","53","033","006000","2",,,,9272.5,3804,1566.3,2873.1,1092.1
"530330060003","530330060003","530330060003, 53033006000, King, Washington","00","53","033","006000","3",,,,9025.1,3693.4,1578,2821.4,981.1
"530330060004","530330060004","530330060004, 53033006000, King, Washington","00","53","033","006000","4",,,,7856.2,3144.2,1477.6,2503.8,707.9
"530330061001","530330061001","530330061001, 53033006100, King, Washington","00","53","033","006100","1",,,,9843.9,3950.6,1753.2,3109,1061.3
"530330061002","530330061002","530330061002, 53033006100, King, Washington","00","53","033","006100","2",,,,8605.8,3463.9,1536.5,2699,927.7
"530330061003","530330061003","530330061003, 53033006100, King, Washington","00","53","033","006100","3",,,,12086.7,4817.4,2253.3,3834.3,1190.5
"530330061004","530330061004","530330061004, 53033006100, King, Washington","00","53","033","006100","4",,,,9761.5,3943.8,1847.9,3109.5,817.6
"530330062001","530330062001","530330062001, 53033006200, King, Washington","00","53","033","006200","1",,,,8951.7,3627,1570.7,2800.1,1020.9
"530330062002","530330062002","530330062002, 53033006200, King, Washington","00","53","033","006200","2",,,,9677.7,3922.6,1684.2,3025.7,1111.7
"530330062003","530330062003","530330062003, 53033006200, King, Washington","00","53","033","006200","3",,,,7222.2,2920.3,1230.2,2254.5,874.7
"530330063001","530330063001","530330063001, 53033006300, King, Washington","00","53","033","006300","1",,,,12004.6,4850.4,2181.8,3807.6,1170.5
"530330063002","530330063002","530330063002, 53033006300, King, Washington","00","53","033","006300","2",,,,10477.8,4209.1,1829.6,3313.8,1166.8
"530330063003","530330063003","530330063003, 53033006300, King, Washington","00","53","033","006300","3",,,,8160.2,3287.4,1398.7,2555.5,993.3
"530330063004","530330063004","530330063004, 53033006300, King, Washington","00","53","033","006300","4",,,,9159.3,3734.2,1579.4,2862.2,1027.4
"530330064001","530330064001","530330064001, 53033006400, King, Washington","00","53","033","006400","1",,,,7070.2,2840.1,1251.4,2240,790.6
"530330064002","530330064002","530330064002, 53033006400, King, Washington","00","53","033","006400","2",,,,6487.9,2627.7,1103,2022.6,793.2
"530330064003","530330064003","530330064003, 53033006400, King, Washington","00","53","033","006400","3",,,,8109.9,3305.1,1370.4,2520.3,971.9
"530330065001","530330065001","530330065001, 53033006500, King, Washington","00","53","033","006500","1",,,,8363,3367.8,1444.3,2621.7,997.1
"530330065002","530330065002","530330065002, 53033006500, King, Washington","00","53","033","006500","2",,,,13647.7,5493.3,2477.3,4326.8,1381.5
"530330065003","530330065003","530330065003, 53033006500, King, Washington","00","53","033","006500","3",,,,12892.7,5175.5,2331.9,4087.4,1338.1
"530330066001","530330066001","530330066001, 53033006600, King, Washington","00","53","033","006600","1",,,,13036.1,5147.6,2395.6,4128,1371.6
"530330066002","530330066002","530330066002, 53033006600, King, Washington","00","53","033","006600","2",,,,15099.9,6070.1,2832.6,4805,1358.7
"530330067001","530330067001","530330067001, 53033006700, King, Washington","00","53","033","006700","1",,,,17280.5,6833.2,3190.6,5473.7,1801.3
"530330067002","530330067002","530330067002, 53033006700, King, Washington","00","53","033","006700","2",,,,15016.8,5980.3,2812.9,4806.2,1414.5
"530330067003","530330067003","530330067003, 53033006700, King, Washington","00","53","033","006700","3",,,,10960,4396.2,1987.1,3482.7,1113.5
"530330067004","530330067004","530330067004, 53033006700, King, Washington","00","53","033","006700","4",,,,13561.4,5445.6,2435.8,4280.7,1461
"530330068001","530330068001","530330068001, 53033006800, King, Washington","00","53","033","006800","1",,,,9742.3,3965.6,1734.6,3065.4,1005.1
"530330068002","530330068002","530330068002, 53033006800, King, Washington","00","53","033","006800","2",,,,11745.6,4752.3,2060.8,3677.7,1333.6
"530330069001","530330069001","530330069001, 53033006900, King, Washington","00","53","033","006900","1",,,,7997,3228.9,1400.6,2509.1,931
"530330069002","530330069002","530330069002, 53033006900, King, Washington","00","53","033","006900","2",,,,8134.9,3300.8,1435.9,2563.4,877.5
"530330069003","530330069003","530330069003, 53033006900, King, Washington","00","53","033","006900","3",,,,7124.8,2881.2,1287.5,2250.2,722
"530330069004","530330069004","530330069004, 53033006900, King, Washington","00","53","033","006900","4",,,,9356.6,3832.6,1703.8,2939.8,869.3
"530330070001","530330070001","530330070001, 53033007000, King, Washington","00","53","033","007000","1",,,,10117,4066,1787.4,3193.6,1100.6
"530330070002","530330070002","530330070002, 53033007000, King, Washington","00","53","033","007000","2",,,,10560.5,4202.8,2036.1,3400.8,909.9
"530330070003","530330070003","530330070003, 53033007000, King, Washington","00","53","033","007000","3",,,,13537.3,5414.5,2577.6,4356,1136.7
"530330070004","530330070004","530330070004, 53033007000, King, Washington","00","53","033","007000","4",,,,10260.9,4096.4,1924.3,3285.5,946.4
"530330070005","530330070005","530330070005, 53033007000, King, Washington","00","53","033","007000","5",,,,9542.4,3782.6,1866.5,3090.5,778.3
"530330070006","530330070006","530330070006, 53033007000, King, Washington","00","53","033","007000","6",,,,8725.7,3495.1,1678,2806.9,732.5
"530330071001","530330071001","530330071001, 53033007100, King, Washington","00","53","033","007100","1",,,,8931.6,3556.8,1706.6,2862.5,825.8
"530330071002","530330071002","530330071002, 53033007100, King, Washington","00","53","033","007100","2",,,,17796.8,7067.8,3286.9,5650.3,1814.6
"530330072001","530330072001","530330072001, 53033007200, King, Washington","00","53","033","007200","1",,,,20413.8,7987.4,3934.1,6550.5,1946.4
"530330072002","530330072002","530330072002, 53033007200, King, Washington","00","53","033","007200","2",,,,10623.1,4095,2046,3372.5,1100.7
"530330072003","530330072003","530330072003, 53033007200, King, Washington","00","53","033","007200","3",,,,14549.9,5668.8,2772.9,4665.7,1455.8
"530330073001","530330073001","530330073001, 53033007300, King, Washington","00","53","033","007300","1",,,,12763,4977.2,2503.2,4146.9,1113.1
"530330073002","530330073002","530330073002, 53033007300, King, Washington","00","53","033","007300","2",,,,9453.7,3703,1901.2,3102.5,797.9
"530330073003","530330073003","530330073003, 53033007300, King, Washington","00","53","033","007300","3",,,,16777.9,6546.8,2917.4,5255.3,2281.3
"530330074011","530330074011","530330074011, 53033007401, King, Washington","00","53","033","007401","1",,,,10054.9,4034.2,1869.8,3201.2,946.8
"530330074012","530330074012","530330074012, 53033007401, King, Washington","00","53","033","007401","2",,,,9376,3793.2,1730.1,2973.3,857.1
"530330074013","530330074013","530330074013, 53033007401, King, Washington","00","53","033","007401","3",,,,8717.1,3486.2,1651.4,2789.4,767.9
"530330074014","530330074014","530330074014, 53033007401, King, Washington","00","53","033","007401","4",,,,10000.6,4002.6,1933,3200.8,862.2
"530330074021","530330074021","530330074021, 53033007402, King, Washington","00","53","033","007402","1",,,,15167.9,6009.5,2903.9,4863.3,1342.3
"530330074022","530330074022","530330074022, 53033007402, King, Washington","00","53","033","007402","2",,,,10720.4,4229.2,2133.6,3475.4,874.4
"530330074023","530330074023","530330074023, 53033007402, King, Washington","00","53","033","007402","3",,,,13133.7,5215,2634.1,4283.8,988.6
"530330075001","530330075001","530330075001, 53033007500, King, Washington","00","53","033","007500","1",,,,10222.1,4076.4,1928.8,3280.8,965.5
"530330075002","530330075002","530330075002, 53033007500, King, Washington","00","53","033","007500","2",,,,10591.4,4229.1,2027.3,3397.2,906
"530330075003","530330075003","530330075003, 53033007500, King, Washington","00","53","033","007500","3",,,,12666,5034.6,2460.8,4076.1,1079.3
"530330075004","530330075004","530330075004, 53033007500, King, Washington","00","53","033","007500","4",,,,11225.8,4500.1,2114.2,3585.1,995.9
"530330075005","530330075005","530330075005, 53033007500, King, Washington","00","53","033","007500","5",,,,6811,2722.1,1328,2183,564.8
"530330076001","530330076001","530330076001, 53033007600, King, Washington","00","53","033","007600","1",,,,8382,3362.9,1556.4,2679.9,786.3
"530330076002","530330076002","530330076002, 53033007600, King, Washington","00","53","033","007600","2",,,,8690.3,3428.6,1638.7,2814.8,828.5
"530330076003","530330076003","530330076003, 53033007600, King, Washington","00","53","033","007600","3",,,,9322.7,3772.3,1740.2,2972.2,834.2
"530330077001","530330077001","530330077001, 53033007700, King, Washington","00","53","033","007700","1",,,,6980.1,2772.7,1330.4,2291.4,586.3
"530330077002","530330077002","530330077002, 53033007700, King, Washington","00","53","033","007700","2",,,,6501.7,2598.2,1174.1,2075,680.9
"530330077003","530330077003","530330077003, 53033007700, King, Washington","00","53","033","007700","3",,,,5935.2,2348.9,1109.1,1925.7,584.9
"530330077004","530330077004","530330077004, 53033007700, King, Washington","00","53","033","007700","4",,,,10851,4307.3,1977.3,3483.3,1124.3
"530330078001","530330078001","530330078001, 53033007800, King, Washington","00","53","033","007800","1",,,,9471.7,3765.8,1570.9,2972.1,1280.7
"530330078002","530330078002","530330078002, 53033007800, King, Washington","00","53","033","007800","2",,,,9965.9,3940.7,1740.7,3190.5,1191.8
"530330078003","530330078003","530330078003, 53033007800, King, Washington","00","53","033","007800","3",,,,7161.1,2859.7,1315.9,2301.3,731.1
"530330078004","530330078004","530330078004, 53033007800, King, Washington","00","53","033","007800","4",,,,8365.6,3331.5,1447.6,2652.1,1012.3
"530330079001","530330079001","530330079001, 53033007900, King, Washington","00","53","033","007900","1",,,,6329.6,2488.1,1200.2,2026,648.5
"530330079002","530330079002","530330079002, 53033007900, King, Washington","00","53","033","007900","2",,,,6009.1,2355,1200.5,1983.4,494.4
"530330079003","530330079003","530330079003, 53033007900, King, Washington","00","53","033","007900","3",,,,5731.1,2298.5,1096.2,1850.8,480.3
"530330079004","530330079004","530330079004, 53033007900, King, Washington","00","53","033","007900","4",,,,7565.4,2986.2,1470.7,2454.7,667.3
"530330079005","530330079005","530330079005, 53033007900, King, Washington","00","53","033","007900","5",,,,8776.3,3498.3,1739,2876.9,646.4
"530330080011","530330080011","530330080011, 53033008001, King, Washington","00","53","033","008001","1",,,,15136.5,5890.5,2700.2,4766.1,1905.7
"530330080012","530330080012","530330080012, 53033008001, King, Washington","00","53","033","008001","2",,,,7962.6,3139.6,1550.8,2579.1,681.7
"530330080013","530330080013","530330080013, 53033008001, King, Washington","00","53","033","008001","3",,,,11139.2,4414.9,2012.5,3513.7,1208.2
"530330080014","530330080014","530330080014, 53033008001, King, Washington","00","53","033","008001","4",,,,12741.2,4991.5,2292,4011,1507.4
"530330080015","530330080015","530330080015, 53033008001, King, Washington","00","53","033","008001","5",,,,7902.8,3053.8,1421.4,2492.8,968.7
"530330080021","530330080021","530330080021, 53033008002, King, Washington","00","53","033","008002","1",,,,11998.5,4723.7,2320.5,3893.1,1157.6
"530330080022","530330080022","530330080022, 53033008002, King, Washington","00","53","033","008002","2",,,,12041.3,4739.1,2255.6,3857,1244.9
"530330081001","530330081001","530330081001, 53033008100, King, Washington","00","53","033","008100","1",,,,15353.3,5988.8,2684.5,4821,2071.1
"530330081002","530330081002","530330081002, 53033008100, King, Washington","00","53","033","008100","2",,,,6587.8,2592.8,1269.9,2139.8,678.3
"530330081003","530330081003","530330081003, 53033008100, King, Washington","00","53","033","008100","3",,,,10073.7,3935.4,1943.7,3250.6,1015.8
"530330082001","530330082001","530330082001, 53033008200, King, Washington","00","53","033","008200","1",,,,7571.7,2928.5,1437.7,2422.2,827.3
"530330082002","530330082002","530330082002, 53033008200, King, Washington","00","53","033","008200","2",,,,11617.5,4491.2,2196.4,3707.8,1261.9
"530330082003","530330082003","530330082003, 53033008200, King, Washington","00","53","033","008200","3",,,,8650.3,3403,1653,2807.8,760.2
"530330083001","530330083001","530330083001, 53033008300, King, Washington","00","53","033","008300","1",,,,8562.9,3342.2,1627.6,2758.3,861.6
"530330083002","530330083002","530330083002, 53033008300, King, Washington","00","53","033","008300","2",,,,13144.5,5146.6,2525,4221.8,1219.9
"530330084001","530330084001","530330084001, 53033008400, King, Washington","00","53","033","008400","1",,,,11244.5,4424.7,2177.8,3613.3,1034.7
"530330084002","530330084002","530330084002, 53033008400, King, Washington","00","53","033","008400","2",,,,12043.3,4666.4,2283.8,3898.4,1196.8
"530330084003","530330084003","530330084003, 53033008400, King, Washington","00","53","033","008400","3",,,,9103.8,3581.5,1746.3,2944.9,849.8
"530330085001","530330085001","530330085001, 53033008500, King, Washington","00","53","033","008500","1",,,,7421.5,2906.7,1467.2,2418.8,609.5
"530330085002","530330085002","530330085002, 53033008500, King, Washington","00","53","033","008500","2",,,,4759.2,1790.7,993.4,1558.1,420.3
"530330085003","530330085003","530330085003, 53033008500, King, Washington","00","53","033","008500","3",,,,3173.1,1181.7,676.3,1045.7,289.3
"530330086001","530330086001","530330086001, 53033008600, King, Washington","00","53","033","008600","1",,,,8562.3,3360,1643.7,2730.6,795.9
"530330086002","530330086002","530330086002, 53033008600, King, Washington","00","53","033","008600","2",,,,8688,3331,1705.7,2778.3,854.6
"530330086003","530330086003","530330086003, 53033008600, King, Washington","00","53","033","008600","3",,,,4939.9,1856.3,1027.9,1615.2,447.8
"530330087001","530330087001","530330087001, 53033008700, King, Washington","00","53","033","008700","1",,,,7222.9,2861.9,1387.6,2353.6,622
"530330087002","530330087002","530330087002, 53033008700, King, Washington","00","53","033","008700","2",,,,6175.5,2415.6,1205.9,2038.3,510.7
"530330087003","530330087003","530330087003, 53033008700, King, Washington","00","53","033","008700","3",,,,8107.9,3113.8,1524.7,2619.8,884.7
"530330088001","530330088001","530330088001, 53033008800, King, Washington","00","53","033","008800","1",,,,7732.8,3078.1,1498.3,2547.9,595.8
"530330088002","530330088002","530330088002, 53033008800, King, Washington","00","53","033","008800","2",,,,6857.2,2712.1,1311.6,2268.8,546.3
"530330088003","530330088003","530330088003, 53033008800, King, Washington","00","53","033","008800","3",,,,5560.5,2144.5,1063.5,1853.6,508.9
"530330089001","530330089001","530330089001, 53033008900, King, Washington","00","53","033","008900","1",,,,10187.3,4008.2,1758.9,3246.1,1287.1
"530330089002","530330089002","530330089002, 53033008900, King, Washington","00","53","033","008900","2",,,,7062.6,2741.5,1333.1,2326.9,670.3
"530330089003","530330089003","530330089003, 53033008900, King, Washington","00","53","033","008900","3",,,,6419.5,2468.9,1269.6,2139,529.2
"530330089004","530330089004","530330089004, 53033008900, King, Washington","00","53","033","008900","4",,,,5755,2231.1,1113.7,1908.6,519
"530330090001","530330090001","530330090001, 53033009000, King, Washington","00","53","033","009000","1",,,,7078.3,2751.4,1414.9,2325.1,584.3
"530330090002","530330090002","530330090002, 53033009000, King, Washington","00","53","033","009000","2",,,,9564.3,3494.8,1863.4,3037.6,1112.4
"530330091001","530330091001","530330091001, 53033009100, King, Washington","00","53","033","009100","1",,,,6927,2450.5,1338.9,2166.5,963
"530330091002","530330091002","530330091002, 53033009100, King, Washington","00","53","033","009100","2",,,,9396.8,3384.9,1803.9,2948.1,1262.8
"530330092001","530330092001","530330092001, 53033009200, King, Washington","00","53","033","009200","1",,,,9539.9,3485.1,1928.7,3085.6,1053.4
"530330092002","530330092002","530330092002, 53033009200, King, Washington","00","53","033","009200","2",,,,7721.5,3037.9,1544.2,2540.5,616.9
"530330093001","530330093001","530330093001, 53033009300, King, Washington","00","53","033","009300","1",,,,5236.3,2026,1010.7,1672.1,498.7
"530330093002","530330093002","530330093002, 53033009300, King, Washington","00","53","033","009300","2",,,,2317,932.9,400.9,724.2,271.4
"530330093003","530330093003","530330093003, 53033009300, King, Washington","00","53","033","009300","3",,,,6053.4,2346.2,1142.7,1910.5,641.4
"530330094001","530330094001","530330094001, 53033009400, King, Washington","00","53","033","009400","1",,,,5548.4,2099.6,1108,1753.1,581.5
"530330094002","530330094002","530330094002, 53033009400, King, Washington","00","53","033","009400","2",,,,7249.4,2776.8,1369,2304.5,839
"530330094003","530330094003","530330094003, 53033009400, King, Washington","00","53","033","009400","3",,,,5628.3,2099.7,1066.6,1747.1,690.7
"530330094004","530330094004","530330094004, 53033009400, King, Washington","00","53","033","009400","4",,,,4288.1,1650,817.2,1344.1,440.3
"530330094005","530330094005","530330094005, 53033009400, King, Washington","00","53","033","009400","5",,,,7477.6,2898.2,1448.9,2386.2,711.1
"530330095001","530330095001","530330095001, 53033009500, King, Washington","00","53","033","009500","1",,,,10396.2,4121.9,1834.5,3309.5,1205.9
"530330095002","530330095002","530330095002, 53033009500, King, Washington","00","53","033","009500","2",,,,8611.6,3312.7,1652,2805.3,877
"530330095003","530330095003","530330095003, 53033009500, King, Washington","00","53","033","009500","3",,,,9529.4,3783.9,1639.1,3011.3,1190.2
"530330095004","530330095004","530330095004, 53033009500, King, Washington","00","53","033","009500","4",,,,7457.5,2782.7,1390.5,2356.6,998.5
"530330096001","530330096001","530330096001, 53033009600, King, Washington","00","53","033","009600","1",,,,5799,2349.8,1033,1826.6,595.2
"530330096002","530330096002","530330096002, 53033009600, King, Washington","00","53","033","009600","2",,,,8118.8,3261.7,1565.9,2614.1,655.8
"530330096003","530330096003","530330096003, 53033009600, King, Washington","00","53","033","009600","3",,,,6939.7,2839,1278.5,2194.1,654.6
"530330096004","530330096004","530330096004, 53033009600, King, Washington","00","53","033","009600","4",,,,7884.5,3211.7,1441,2507.3,743.7
"530330096005","530330096005","530330096005, 53033009600, King, Washington","00","53","033","009600","5",,,,11723.4,4701.1,2046.9,3691.7,1338.3
"530330097011","530330097011","530330097011, 53033009701, King, Washington","00","53","033","009701","1",,,,12003.6,4872.8,2193.3,3802.5,1162.8
"530330097012","530330097012","530330097012, 53033009701, King, Washington","00","53","033","009701","2",,,,8622.3,3480.8,1588.1,2744.3,783.7
"530330097013","530330097013","530330097013, 53033009701, King, Washington","00","53","033","009701","3",,,,9162.3,3731.9,1700.1,2913.7,812.5
"530330097014","530330097014","530330097014, 53033009701, King, Washington","00","53","033","009701","4",,,,12203.4,4933.7,2127.6,3834,1390.9
"530330097021","530330097021","530330097021, 53033009702, King, Washington","00","53","033","009702","1",,,,8391.2,3440,1479.3,2624.5,892.6
"530330097022","530330097022","530330097022, 53033009702, King, Washington","00","53","033","009702","2",,,,6589.9,2725.2,1174.9,2056.2,654.6
"530330097023","530330097023","530330097023, 53033009702, King, Washington","00","53","033","009702","3",,,,5707.2,2346.5,1054.2,1803.8,518.2
"530330097024","530330097024","530330097024, 53033009702, King, Washington","00","53","033","009702","4",,,,6649.6,2755.7,1210.6,2093.5,585.7
"530330097025","530330097025","530330097025, 53033009702, King, Washington","00","53","033","009702","5",,,,8100.2,3323.5,1485,2553.4,748.5
"530330098001","530330098001","530330098001, 53033009800, King, Washington","00","53","033","009800","1",,,,9425.1,3834.6,1686.9,2965.8,977.1
"530330098002","530330098002","530330098002, 53033009800, King, Washington","00","53","033","009800","2",,,,8249.3,3402.2,1479.6,2579.4,806.6
"530330098003","530330098003","530330098003, 53033009800, King, Washington","00","53","033","009800","3",,,,8515,3496.5,1561.9,2682.7,780.5
"530330098004","530330098004","530330098004, 53033009800, King, Washington","00","53","033","009800","4",,,,9542.5,3878.3,1772.3,3027.3,864.6
"530330098005","530330098005","530330098005, 53033009800, King, Washington","00","53","033","009800","5",,,,8110.8,3314.4,1543.1,2574.4,692.7
"530330099001","530330099001","530330099001, 53033009900, King, Washington","00","53","033","009900","1",,,,8225.5,3304.4,1470.7,2598.2,921.9
"530330099002","530330099002","530330099002, 53033009900, King, Washington","00","53","033","009900","2",,,,10413.1,4209.1,1874.6,3296.4,1069.5
"530330099003","530330099003","530330099003, 53033009900, King, Washington","00","53","033","009900","3",,,,9524.1,3815.9,1797,3046.7,876.9
"530330099004","530330099004","530330099004, 53033009900, King, Washington","00","53","033","009900","4",,,,7285.8,2948,1370.3,2304.6,635.6
"530330100011","530330100011","530330100011, 53033010001, King, Washington","00","53","033","010001","1",,,,4931.7,1900.8,922.7,1561.8,548.8
"530330100012","530330100012","530330100012, 53033010001, King, Washington","00","53","033","010001","2",,,,7145.5,2734.7,1347.5,2232.1,817.8
"530330100013","530330100013","530330100013, 53033010001, King, Washington","00","53","033","010001","3",,,,6565.6,2401.6,1300.1,2105.7,745
"530330100021","530330100021","530330100021, 53033010002, King, Washington","00","53","033","010002","1",,,,4518.3,1742.8,845.3,1406.2,520.9
"530330100022","530330100022","530330100022, 53033010002, King, Washington","00","53","033","010002","2",,,,7447.2,2859.5,1386.9,2342.5,885
"530330100023","530330100023","530330100023, 53033010002, King, Washington","00","53","033","010002","3",,,,5574.9,2102.4,977.1,1711.6,811.5
"530330100024","530330100024","530330100024, 53033010002, King, Washington","00","53","033","010002","4",,,,6341.9,2410.3,1191.1,1975.5,732.3
"530330101001","530330101001","530330101001, 53033010100, King, Washington","00","53","033","010100","1",,,,7103.9,2778,1303.6,2260.3,796.1
"530330101002","530330101002","530330101002, 53033010100, King, Washington","00","53","033","010100","2",,,,5664.5,2228.7,1064.3,1821.5,567.5
"530330101003","530330101003","530330101003, 53033010100, King, Washington","00","53","033","010100","3",,,,3064.5,1175.4,598,985.5,299.7
"530330101004","530330101004","530330101004, 53033010100, King, Washington","00","53","033","010100","4",,,,6565.5,2444.7,1313.7,2173,635.2
"530330101005","530330101005","530330101005, 53033010100, King, Washington","00","53","033","010100","5",,,,11062.9,4295.2,2113.7,3614.2,1058.8
"530330102001","530330102001","530330102001, 53033010200, King, Washington","00","53","033","010200","1",,,,9849.9,3911.6,1739.3,3108.7,1171.7
"530330102002","530330102002","530330102002, 53033010200, King, Washington","00","53","033","010200","2",,,,6311.6,2474,1127.3,1992.2,756.5
"530330102003","530330102003","530330102003, 53033010200, King, Washington","00","53","033","010200","3",,,,5967.6,2289.3,1128.9,1910.4,621.7
"530330102004","530330102004","530330102004, 53033010200, King, Washington","00","53","033","010200","4",,,,7434.9,2946.9,1362.7,2374.9,774.4
"530330103001","530330103001","530330103001, 53033010300, King, Washington","00","53","033","010300","1",,,,4715,1886.6,891.3,1516.6,430.6
"530330103002","530330103002","530330103002, 53033010300, King, Washington","00","53","033","010300","2",,,,5663.3,2169,1095.4,1825,592.4
"530330103003","530330103003","530330103003, 53033010300, King, Washington","00","53","033","010300","3",,,,4428.5,1640.1,899,1470.7,425.7
"530330103004","530330103004","530330103004, 53033010300, King, Washington","00","53","033","010300","4",,,,5657.4,2151.4,1090.9,1833.1,595.6
"530330103005","530330103005","530330103005, 53033010300, King, Washington","00","53","033","010300","5",,,,8126.7,3145.1,1635.4,2700.3,635.1
"530330104011","530330104011","530330104011, 53033010401, King, Washington","00","53","033","010401","1",,,,6002.8,2232,1085.1,1855.7,890.6
"530330104012","530330104012","530330104012, 53033010401, King, Washington","00","53","033","010401","2",,,,8319.2,3073.3,1514,2559.9,1174.5
"530330104013","530330104013","530330104013, 53033010401, King, Washington","00","53","033","010401","3",,,,6386.8,2343.2,1155.3,1966.5,990.5
"530330104021","530330104021","530330104021, 53033010402, King, Washington","00","53","033","010402","1",,,,6105,2300.8,1088.5,1866.3,887.7
"530330104022","530330104022","530330104022, 53033010402, King, Washington","00","53","033","010402","2",,,,6826.5,2581.4,1186.6,2072.2,1069.5
"530330104023","530330104023","530330104023, 53033010402, King, Washington","00","53","033","010402","3",,,,4776.6,1803.1,854.1,1462.4,659.1
"530330104024","530330104024","530330104024, 53033010402, King, Washington","00","53","033","010402","4",,,,6921.7,2645.8,1202.1,2108.2,1015.3
"530330105001","530330105001","530330105001, 53033010500, King, Washington","00","53","033","010500","1",,,,6504.8,2575,1235.9,2110.9,574.9
"530330105002","530330105002","530330105002, 53033010500, King, Washington","00","53","033","010500","2",,,,9559.1,3857.7,1711.5,3013.3,1044.8
"530330105003","530330105003","530330105003, 53033010500, King, Washington","00","53","033","010500","3",,,,7424.9,3057.2,1350.1,2333.4,714.3
"530330105004","530330105004","530330105004, 53033010500, King, Washington","00","53","033","010500","4",,,,12596.6,5036.9,2387.2,4027,1156
"530330105005","530330105005","530330105005, 53033010500, King, Washington","00","53","033","010500","5",,,,10515.5,4275.1,2020.2,3364,832.1
"530330106001","530330106001","530330106001, 53033010600, King, Washington","00","53","033","010600","1",,,,11060.4,4523.3,1912.8,3449.4,1242.4
"530330106002","530330106002","530330106002, 53033010600, King, Washington","00","53","033","010600","2",,,,7359.5,2972.9,1418.3,2368.1,593.6
"530330106003","530330106003","530330106003, 53033010600, King, Washington","00","53","033","010600","3",,,,11418.5,4606.6,2147.4,3647.5,1030.3
"530330106004","530330106004","530330106004, 53033010600, King, Washington","00","53","033","010600","4",,,,7158,2904.8,1280.6,2268.7,737.6
"530330106005","530330106005","530330106005, 53033010600, King, Washington","00","53","033","010600","5",,,,11001.9,4509.9,1924.6,3439.6,1179.6
"530330106006","530330106006","530330106006, 53033010600, King, Washington","00","53","033","010600","6",,,,6485,2640.9,1218.3,2069.6,562.1
"530330107011","530330107011","530330107011, 53033010701, King, Washington","00","53","033","010701","1",,,,8645.5,3365.9,1724.2,2786.1,791.7
"530330107012","530330107012","530330107012, 53033010701, King, Washington","00","53","033","010701","2",,,,6999.8,2772,1341.4,2276.4,630.3
"530330107021","530330107021","530330107021, 53033010702, King, Washington","00","53","033","010702","1",,,,7374.9,2921.1,1334.1,2335.9,824.8
"530330107022","530330107022","530330107022, 53033010702, King, Washington","00","53","033","010702","2",,,,4787.4,1782.8,964.3,1578.9,492
"530330107023","530330107023","530330107023, 53033010702, King, Washington","00","53","033","010702","3",,,,4493.8,1731,922.6,1497.1,357.1
"530330108001","530330108001","530330108001, 53033010800, King, Washington","00","53","033","010800","1",,,,7999.6,3156.7,1443.4,2511.3,938.5
"530330108002","530330108002","530330108002, 53033010800, King, Washington","00","53","033","010800","2",,,,6915.7,2709.2,1276.6,2167.7,776.4
"530330108003","530330108003","530330108003, 53033010800, King, Washington","00","53","033","010800","3",,,,10726.5,4252.5,1970.5,3381,1145.6
"530330109001","530330109001","530330109001, 53033010900, King, Washington","00","53","033","010900","1",,,,4599.4,1846,906.3,1487,341.2
"530330109002","530330109002","530330109002, 53033010900, King, Washington","00","53","033","010900","2",,,,3145.2,1266.1,629.5,1025.6,227.3
"530330110011","530330110011","530330110011, 53033011001, King, Washington","00","53","033","011001","1",,,,4626.3,1717.6,910.4,1468,516.3
"530330110012","530330110012","530330110012, 53033011001, King, Washington","00","53","033","011001","2",,,,4794.2,1773.9,943.5,1551.6,519.5
"530330110013","530330110013","530330110013, 53033011001, King, Washington","00","53","033","011001","3",,,,8979.5,3301.1,1707.8,2853.4,1171
"530330110021","530330110021","530330110021, 53033011002, King, Washington","00","53","033","011002","1",,,,3960.9,1459.6,735.9,1222.5,521.5
"530330110022","530330110022","530330110022, 53033011002, King, Washington","00","53","033","011002","2",,,,7524.7,2762.2,1475.4,2391.9,876.1
"530330110023","530330110023","530330110023, 53033011002, King, Washington","00","53","033","011002","3",,,,5000.8,1855.8,911,1530.7,688.2
"530330111011","530330111011","530330111011, 53033011101, King, Washington","00","53","033","011101","1",,,,3871,1398.9,798.6,1321.2,370.6
"530330111012","530330111012","530330111012, 53033011101, King, Washington","00","53","033","011101","2",,,,4766.5,1770.1,883.1,1492.2,612.7
"530330111013","530330111013","530330111013, 53033011101, King, Washington","00","53","033","011101","3",,,,4133.1,1541.8,802.3,1303,475.6
"530330111014","530330111014","530330111014, 53033011101, King, Washington","00","53","033","011101","4",,,,5594.8,2086.2,1028.4,1747.5,722.9
"530330111021","530330111021","530330111021, 53033011102, King, Washington","00","53","033","011102","1",,,,7187.9,2847.3,1236.5,2250.4,926.3
"530330111022","530330111022","530330111022, 53033011102, King, Washington","00","53","033","011102","2",,,,5046.1,1918.3,1003,1609.6,493.3
"530330111023","530330111023","530330111023, 53033011102, King, Washington","00","53","033","011102","3",,,,3274,1220.3,661,1056.4,327.2
"530330111024","530330111024","530330111024, 53033011102, King, Washington","00","53","033","011102","4",,,,4627.5,1782.9,879.8,1471.5,495
"530330112001","530330112001","530330112001, 53033011200, King, Washington","00","53","033","011200","1",,,,6150.2,2425.5,1183.1,1944.1,605.5
"530330112002","530330112002","530330112002, 53033011200, King, Washington","00","53","033","011200","2",,,,4584.7,1838.6,919.1,1476.9,337.6
"530330112003","530330112003","530330112003, 53033011200, King, Washington","00","53","033","011200","3",,,,6071.1,2441.8,1228.6,1960,443.1
"530330113001","530330113001","530330113001, 53033011300, King, Washington","00","53","033","011300","1",,,,9070.5,3593.5,1752.4,2896.1,831.5
"530330113002","530330113002","530330113002, 53033011300, King, Washington","00","53","033","011300","2",,,,6095.9,2435.2,1108.5,1882.3,677.5
"530330113003","530330113003","530330113003, 53033011300, King, Washington","00","53","033","011300","3",,,,5259.7,2109.8,1009.6,1665.1,477.4
"530330113004","530330113004","530330113004, 53033011300, King, Washington","00","53","033","011300","4",,,,6093.8,2438.2,1121,1913.6,658.6
"530330113005","530330113005","530330113005, 53033011300, King, Washington","00","53","033","011300","5",,,,5884.2,2366,1151.8,1878,491.5
"530330114011","530330114011","530330114011, 53033011401, King, Washington","00","53","033","011401","1",,,,7112.6,2796.9,1422.1,2316.5,543.4
"530330114012","530330114012","530330114012, 53033011401, King, Washington","00","53","033","011401","2",,,,7233.4,2892.3,1411,2326.9,578.7
"530330114013","530330114013","530330114013, 53033011401, King, Washington","00","53","033","011401","3",,,,8437.4,3342.7,1508.8,2648.4,1013.4
"530330114021","530330114021","530330114021, 53033011402, King, Washington","00","53","033","011402","1",,,,6170.1,2458.6,1181.1,1952.9,541.7
"530330114022","530330114022","530330114022, 53033011402, King, Washington","00","53","033","011402","2",,,,6676.5,2645.4,1345.2,2148.3,530.6
"530330114023","530330114023","530330114023, 53033011402, King, Washington","00","53","033","011402","3",,,,8200.3,3236.3,1620.7,2646.4,687.9
"530330115001","530330115001","530330115001, 53033011500, King, Washington","00","53","033","011500","1",,,,9234.2,3816.4,1696.9,2900.7,809.9
"530330115002","530330115002","530330115002, 53033011500, King, Washington","00","53","033","011500","2",,,,10081,4080.8,1840.8,3184.7,988.5
"530330115003","530330115003","530330115003, 53033011500, King, Washington","00","53","033","011500","3",,,,9762.1,4017.5,1834.9,3088.3,819.6
"530330116001","530330116001","530330116001, 53033011600, King, Washington","00","53","033","011600","1",,,,8699.9,3547.6,1573.1,2752.1,857.4
"530330116002","530330116002","530330116002, 53033011600, King, Washington","00","53","033","011600","2",,,,7611.9,3120.6,1322.5,2384,831.8
"530330116003","530330116003","530330116003, 53033011600, King, Washington","00","53","033","011600","3",,,,9025.6,3664.1,1574.3,2834.2,1013.2
"530330116004","530330116004","530330116004, 53033011600, King, Washington","00","53","033","011600","4",,,,6751.3,2742.3,1233.5,2133,659.5
"530330116005","530330116005","530330116005, 53033011600, King, Washington","00","53","033","011600","5",,,,6588.1,2662.7,1136.5,2072.8,763.7
"530330116006","530330116006","530330116006, 53033011600, King, Washington","00","53","033","011600","6",,,,8023.1,3262.2,1469,2555.6,720.8
"530330117001","530330117001","530330117001, 53033011700, King, Washington","00","53","033","011700","1",,,,5293.9,1943.7,1061.9,1733.3,526.3
"530330117002","530330117002","530330117002, 53033011700, King, Washington","00","53","033","011700","2",,,,5837.7,2194,1109.8,1824.5,692.4
"530330117003","530330117003","530330117003, 53033011700, King, Washington","00","53","033","011700","3",,,,6155,2291,1125.3,1916.3,835.2
"530330117004","530330117004","530330117004, 53033011700, King, Washington","00","53","033","011700","4",,,,4551,1701.7,862.1,1443.6,519.4
"530330118001","530330118001","530330118001, 53033011800, King, Washington","00","53","033","011800","1",,,,5486.4,2142.5,1011.1,1784.7,576
"530330118002","530330118002","530330118002, 53033011800, King, Washington","00","53","033","011800","2",,,,4635.5,1796.6,906.3,1503,427.6
"530330118003","530330118003","530330118003, 53033011800, King, Washington","00","53","033","011800","3",,,,4812.6,1832.8,925.4,1557.8,486.7
"530330118004","530330118004","530330118004, 53033011800, King, Washington","00","53","033","011800","4",,,,3915.1,1456.3,822,1312,365.5
"530330118005","530330118005","530330118005, 53033011800, King, Washington","00","53","033","011800","5",,,,4913.7,1825.9,931.5,1568.5,582.7
"530330118006","530330118006","530330118006, 53033011800, King, Washington","00","53","033","011800","6",,,,8334.2,3104,1714.1,2775.5,713.3
"530330119001","530330119001","530330119001, 53033011900, King, Washington","00","53","033","011900","1",,,,7069.6,2746.3,1347.2,2267.3,693.5
"530330119002","530330119002","530330119002, 53033011900, King, Washington","00","53","033","011900","2",,,,7586.4,2968.4,1467.5,2442.8,674.6
"530330119003","530330119003","530330119003, 53033011900, King, Washington","00","53","033","011900","3",,,,5510.7,2067.4,1045.7,1776.4,617.7
"530330119004","530330119004","530330119004, 53033011900, King, Washington","00","53","033","011900","4",,,,6161.1,2331.8,1181.4,1962.8,621.2
"530330119005","530330119005","530330119005, 53033011900, King, Washington","00","53","033","011900","5",,,,6931.3,2637.7,1308.1,2210.4,750.8
"530330120001","530330120001","530330120001, 53033012000, King, Washington","00","53","033","012000","1",,,,7590,3128.7,1424.7,2406.4,614
"530330120002","530330120002","530330120002, 53033012000, King, Washington","00","53","033","012000","2",,,,7636.3,3142.4,1400.3,2411.4,684.5
"530330120003","530330120003","530330120003, 53033012000, King, Washington","00","53","033","012000","3",,,,7518,3081.4,1361.4,2355.2,722.6
"530330121001","530330121001","530330121001, 53033012100, King, Washington","00","53","033","012100","1",,,,8538.8,3476.6,1500,2680,914.3
"530330121002","530330121002","530330121002, 53033012100, King, Washington","00","53","033","012100","2",,,,10630.5,4334.7,1901.9,3340.3,1086
"530330263001","530330263001","530330263001, 53033026300, King, Washington","00","53","033","026300","1",,,,1905.1,725.6,366.8,614.9,190.7
"530330264001","530330264001","530330264001, 53033026400, King, Washington","00","53","033","026400","1",,,,3168,1236.2,632,1044,243.4
